timestamp,open,high,low,close,volume,taker_buy_vol,taker_sell_vol,num_trades
1773423000000,1.801,1.806,1.77,1.781,47332.0,18226.0,29106.0,944
1773423900000,1.781,1.805,1.781,1.803,22223.0,12935.0,9288.0,519
1773424800000,1.802,1.809,1.797,1.801,7755.0,4417.0,3338.0,364
1773425700000,1.801,1.802,1.774,1.781,15628.0,3972.0,11656.0,446
1773426600000,1.779,1.794,1.778,1.792,7036.0,5095.0,1941.0,245
1773427500000,1.792,1.792,1.785,1.79,1292.0,572.0,720.0,98
1773428400000,1.79,1.803,1.788,1.802,6054.0,4475.0,1579.0,264
1773429300000,1.802,1.802,1.793,1.796,8586.0,1835.0,6751.0,223
1773430200000,1.795,1.804,1.791,1.804,3072.0,1371.0,1701.0,137
1773431100000,1.803,1.803,1.797,1.801,2449.0,1095.0,1354.0,131
1773432000000,1.801,1.802,1.797,1.798,2620.0,1548.0,1072.0,128
1773432900000,1.797,1.808,1.797,1.802,6525.0,3863.0,2662.0,156
1773433800000,1.801,1.803,1.785,1.797,7221.0,1767.0,5454.0,184
1773434700000,1.796,1.81,1.794,1.798,10329.0,6652.0,3677.0,280
1773435600000,1.797,1.797,1.782,1.782,5717.0,2527.0,3190.0,169
1773436500000,1.782,1.798,1.772,1.791,13255.0,8505.0,4750.0,315
1773437400000,1.791,1.796,1.784,1.788,8234.0,2781.0,5453.0,193
1773438300000,1.788,1.796,1.785,1.792,1812.0,1029.0,783.0,103
1773439200000,1.791,1.797,1.786,1.792,5270.0,3254.0,2016.0,191
1773440100000,1.792,1.795,1.785,1.786,11130.0,7426.0,3704.0,185
1773441000000,1.786,1.795,1.786,1.791,1743.0,1045.0,698.0,91
1773441900000,1.789,1.789,1.779,1.782,3196.0,914.0,2282.0,88
1773442800000,1.781,1.785,1.779,1.784,1948.0,1420.0,528.0,98
1773443700000,1.783,1.785,1.772,1.776,20619.0,8888.0,11731.0,326
1773444600000,1.777,1.778,1.76,1.771,15492.0,4480.0,11012.0,309
1773445500000,1.771,1.771,1.762,1.765,2993.0,1391.0,1602.0,112
1773446400000,1.764,1.768,1.751,1.763,13342.0,7653.0,5689.0,318
1773447300000,1.762,1.763,1.758,1.761,1794.0,1148.0,646.0,83
1773448200000,1.763,1.77,1.761,1.769,5032.0,2515.0,2517.0,177
1773449100000,1.768,1.774,1.766,1.771,2894.0,1242.0,1652.0,128
1773450000000,1.771,1.773,1.768,1.77,2430.0,1678.0,752.0,126
1773450900000,1.769,1.771,1.769,1.77,1077.0,450.0,627.0,55
1773451800000,1.77,1.77,1.76,1.767,3820.0,1016.0,2804.0,102
1773452700000,1.768,1.77,1.763,1.766,2604.0,1043.0,1561.0,111
1773453600000,1.765,1.765,1.758,1.758,5274.0,3624.0,1650.0,87
1773454500000,1.758,1.76,1.757,1.757,1072.0,446.0,626.0,42
1773455400000,1.758,1.76,1.754,1.756,3770.0,1171.0,2599.0,118
1773456300000,1.757,1.759,1.755,1.759,1929.0,1323.0,606.0,78
1773457200000,1.759,1.759,1.756,1.757,4137.0,3252.0,885.0,77
1773458100000,1.758,1.759,1.757,1.757,632.0,268.0,364.0,57
1773459000000,1.758,1.759,1.757,1.758,624.0,424.0,200.0,65
1773459900000,1.759,1.759,1.751,1.758,5635.0,1793.0,3842.0,120
1773460800000,1.759,1.759,1.755,1.757,3591.0,1980.0,1611.0,96
1773461700000,1.757,1.758,1.754,1.756,2625.0,2169.0,456.0,98
1773462600000,1.757,1.758,1.755,1.757,611.0,252.0,359.0,42
1773463500000,1.758,1.775,1.758,1.765,14901.0,11034.0,3867.0,377
1773464400000,1.763,1.766,1.76,1.762,3053.0,1996.0,1057.0,118
1773465300000,1.762,1.762,1.758,1.761,2175.0,1217.0,958.0,67
1773466200000,1.76,1.76,1.743,1.75,22007.0,3154.0,18853.0,318
1773467100000,1.75,1.752,1.746,1.751,3791.0,694.0,3097.0,129
1773468000000,1.752,1.755,1.75,1.753,7255.0,2978.0,4277.0,121
1773468900000,1.754,1.754,1.747,1.75,2796.0,597.0,2199.0,119
1773469800000,1.751,1.768,1.735,1.764,24767.0,12439.0,12328.0,526
1773470700000,1.764,1.781,1.764,1.769,8150.0,3807.0,4343.0,237
1773471600000,1.769,1.773,1.764,1.765,5741.0,3010.0,2731.0,136
1773472500000,1.765,1.775,1.762,1.769,3322.0,2013.0,1309.0,111
1773473400000,1.767,1.769,1.763,1.765,1343.0,340.0,1003.0,52
1773474300000,1.765,1.765,1.751,1.764,8816.0,1927.0,6889.0,174
1773475200000,1.765,1.767,1.756,1.761,4977.0,2617.0,2360.0,131
1773476100000,1.762,1.762,1.758,1.759,1377.0,441.0,936.0,75
1773477000000,1.76,1.76,1.754,1.755,784.0,540.0,244.0,52
1773477900000,1.755,1.758,1.748,1.753,9759.0,3353.0,6406.0,211
1773478800000,1.753,1.757,1.752,1.756,1648.0,1125.0,523.0,84
1773479700000,1.755,1.758,1.753,1.753,639.0,384.0,255.0,63
1773480600000,1.754,1.759,1.747,1.751,5537.0,3469.0,2068.0,140
1773481500000,1.75,1.756,1.749,1.755,2503.0,2136.0,367.0,114
1773482400000,1.755,1.76,1.75,1.751,9837.0,4853.0,4984.0,213
1773483300000,1.751,1.756,1.745,1.753,6835.0,3805.0,3030.0,130
1773484200000,1.753,1.755,1.75,1.75,1890.0,1827.0,63.0,58
1773485100000,1.749,1.754,1.747,1.752,1658.0,1184.0,474.0,73
1773486000000,1.752,1.764,1.751,1.762,2106.0,1379.0,727.0,95
1773486900000,1.761,1.766,1.761,1.763,2334.0,1499.0,835.0,76
1773487800000,1.764,1.766,1.759,1.759,2332.0,478.0,1854.0,92
1773488700000,1.759,1.762,1.755,1.755,2022.0,1628.0,394.0,74
1773489600000,1.756,1.761,1.754,1.758,1988.0,1445.0,543.0,96
1773490500000,1.757,1.775,1.757,1.769,10894.0,4635.0,6259.0,228
1773491400000,1.77,1.792,1.763,1.765,25839.0,14798.0,11041.0,476
1773492300000,1.766,1.77,1.761,1.768,6004.0,3039.0,2965.0,156
1773493200000,1.769,1.78,1.768,1.776,12816.0,8467.0,4349.0,236
1773494100000,1.776,1.786,1.773,1.78,7187.0,3535.0,3652.0,172
1773495000000,1.779,1.792,1.779,1.783,7316.0,3245.0,4071.0,231
1773495900000,1.782,1.782,1.772,1.774,5124.0,2280.0,2844.0,151
1773496800000,1.774,1.778,1.768,1.776,5977.0,2693.0,3284.0,159
1773497700000,1.775,1.776,1.771,1.775,1998.0,692.0,1306.0,120
1773498600000,1.776,1.776,1.766,1.766,1692.0,152.0,1540.0,89
1773499500000,1.766,1.776,1.766,1.774,2404.0,1312.0,1092.0,101
1773500400000,1.774,1.777,1.771,1.771,3092.0,1403.0,1689.0,150
1773501300000,1.771,1.771,1.768,1.77,1723.0,710.0,1013.0,77
1773502200000,1.77,1.77,1.764,1.765,3714.0,2258.0,1456.0,103
1773503100000,1.764,1.775,1.764,1.77,2875.0,1790.0,1085.0,109
1773504000000,1.77,1.77,1.758,1.762,7836.0,2427.0,5409.0,176
1773504900000,1.763,1.764,1.76,1.761,3782.0,3229.0,553.0,69
1773505800000,1.761,1.762,1.759,1.759,311.0,105.0,206.0,29
1773506700000,1.759,1.765,1.758,1.765,2687.0,2285.0,402.0,52
1773507600000,1.764,1.765,1.761,1.763,3281.0,3042.0,239.0,66
1773508500000,1.763,1.767,1.761,1.761,1614.0,969.0,645.0,67
1773509400000,1.761,1.768,1.76,1.768,2012.0,1167.0,845.0,67
1773510300000,1.768,1.777,1.765,1.77,6708.0,2899.0,3809.0,203
1773511200000,1.769,1.787,1.768,1.778,7728.0,3985.0,3743.0,223
1773512100000,1.777,1.781,1.771,1.777,2996.0,1265.0,1731.0,100
1773513000000,1.776,1.779,1.776,1.779,1025.0,458.0,567.0,55
1773513900000,1.779,1.784,1.776,1.78,6564.0,1521.0,5043.0,105
1773514800000,1.782,1.792,1.771,1.778,25281.0,9736.0,15545.0,648
1773515700000,1.777,1.781,1.774,1.78,2742.0,1506.0,1236.0,109
1773516600000,1.78,1.782,1.776,1.78,2559.0,1256.0,1303.0,66
1773517500000,1.78,1.78,1.77,1.777,4567.0,1860.0,2707.0,134
1773518400000,1.778,1.783,1.774,1.782,4991.0,2398.0,2593.0,129
1773519300000,1.781,1.784,1.78,1.783,1310.0,314.0,996.0,56
1773520200000,1.784,1.784,1.782,1.783,888.0,353.0,535.0,50
1773521100000,1.784,1.784,1.778,1.778,2754.0,656.0,2098.0,89
1773522000000,1.778,1.78,1.774,1.78,4535.0,2824.0,1711.0,131
1773522900000,1.78,1.781,1.778,1.778,1317.0,170.0,1147.0,49
1773523800000,1.777,1.779,1.77,1.771,1845.0,1287.0,558.0,86
1773524700000,1.773,1.781,1.772,1.781,827.0,474.0,353.0,50
1773525600000,1.782,1.784,1.776,1.778,3103.0,2296.0,807.0,82
1773526500000,1.777,1.784,1.777,1.78,4594.0,2157.0,2437.0,68
1773527400000,1.779,1.78,1.773,1.777,2229.0,501.0,1728.0,77
1773528300000,1.777,1.777,1.774,1.776,848.0,759.0,89.0,34
1773529200000,1.777,1.783,1.777,1.781,7072.0,5303.0,1769.0,144
1773530100000,1.78,1.781,1.775,1.776,260.0,124.0,136.0,30
1773531000000,1.776,1.78,1.776,1.778,1646.0,1484.0,162.0,50
1773531900000,1.777,1.778,1.774,1.776,230.0,170.0,60.0,24
1773532800000,1.775,1.778,1.77,1.771,3940.0,2199.0,1741.0,170
1773533700000,1.77,1.774,1.77,1.773,619.0,373.0,246.0,48
1773534600000,1.773,1.773,1.77,1.772,329.0,273.0,56.0,33
1773535500000,1.773,1.795,1.772,1.792,33372.0,4635.0,28737.0,310
1773536400000,1.793,1.799,1.783,1.787,36789.0,11964.0,24825.0,438
1773537300000,1.787,1.788,1.783,1.786,812.0,379.0,433.0,38
1773538200000,1.786,1.792,1.779,1.783,47867.0,41071.0,6796.0,404
1773539100000,1.783,1.783,1.774,1.774,6351.0,1835.0,4516.0,147
1773540000000,1.774,1.785,1.76,1.767,17056.0,6320.0,10736.0,311
1773540900000,1.768,1.775,1.767,1.774,4388.0,4174.0,214.0,143
1773541800000,1.774,1.774,1.767,1.77,2758.0,1241.0,1517.0,79
1773542700000,1.769,1.775,1.764,1.775,4787.0,2691.0,2096.0,170
1773543600000,1.774,1.777,1.771,1.777,4144.0,1187.0,2957.0,171
1773544500000,1.777,1.782,1.774,1.776,4793.0,1920.0,2873.0,142
1773545400000,1.776,1.776,1.774,1.774,1109.0,524.0,585.0,45
1773546300000,1.774,1.78,1.774,1.777,732.0,590.0,142.0,35
1773547200000,1.778,1.781,1.775,1.778,2110.0,745.0,1365.0,94
1773548100000,1.778,1.782,1.776,1.779,3028.0,2024.0,1004.0,100
1773549000000,1.78,1.78,1.771,1.773,3689.0,563.0,3126.0,84
1773549900000,1.773,1.775,1.767,1.769,2975.0,1278.0,1697.0,104
1773550800000,1.769,1.772,1.766,1.772,6073.0,930.0,5143.0,140
1773551700000,1.772,1.774,1.769,1.769,2049.0,931.0,1118.0,79
1773552600000,1.77,1.774,1.768,1.771,3164.0,2785.0,379.0,70
1773553500000,1.772,1.772,1.769,1.77,569.0,273.0,296.0,17
1773554400000,1.77,1.775,1.77,1.774,3754.0,2581.0,1173.0,111
1773555300000,1.773,1.774,1.77,1.771,1798.0,262.0,1536.0,53
1773556200000,1.771,1.771,1.765,1.767,2525.0,216.0,2309.0,53
1773557100000,1.767,1.768,1.762,1.763,1400.0,290.0,1110.0,84
1773558000000,1.764,1.764,1.759,1.76,2327.0,645.0,1682.0,145
1773558900000,1.76,1.762,1.752,1.758,6929.0,1830.0,5099.0,192
1773559800000,1.758,1.758,1.742,1.746,13071.0,2577.0,10494.0,285
1773560700000,1.746,1.764,1.746,1.758,11588.0,8552.0,3036.0,245
1773561600000,1.758,1.765,1.755,1.765,3427.0,1354.0,2073.0,139
1773562500000,1.765,1.766,1.758,1.762,1661.0,647.0,1014.0,70
1773563400000,1.763,1.766,1.759,1.762,4552.0,829.0,3723.0,101
1773564300000,1.762,1.762,1.755,1.758,1807.0,715.0,1092.0,70
1773565200000,1.756,1.763,1.752,1.763,7344.0,5026.0,2318.0,220
1773566100000,1.763,1.768,1.758,1.759,4474.0,2492.0,1982.0,161
1773567000000,1.76,1.765,1.758,1.765,5714.0,4488.0,1226.0,171
1773567900000,1.765,1.766,1.758,1.758,2584.0,1132.0,1452.0,89
1773568800000,1.759,1.765,1.759,1.765,2379.0,1198.0,1181.0,114
1773569700000,1.764,1.771,1.761,1.768,3532.0,1621.0,1911.0,126
1773570600000,1.769,1.78,1.768,1.779,4276.0,3061.0,1215.0,151
1773571500000,1.779,1.779,1.773,1.777,3284.0,533.0,2751.0,86
1773572400000,1.777,1.781,1.775,1.775,3528.0,1773.0,1755.0,140
1773573300000,1.775,1.787,1.775,1.785,3380.0,2421.0,959.0,136
1773574200000,1.783,1.797,1.783,1.787,12072.0,5969.0,6103.0,292
1773575100000,1.787,1.79,1.782,1.789,2831.0,842.0,1989.0,104
1773576000000,1.791,1.793,1.786,1.791,4115.0,2692.0,1423.0,141
1773576900000,1.792,1.797,1.788,1.797,3329.0,1574.0,1755.0,101
1773577800000,1.798,1.813,1.796,1.812,27456.0,16681.0,10775.0,394
1773578700000,1.812,1.813,1.801,1.802,4661.0,1349.0,3312.0,192
1773579600000,1.802,1.811,1.798,1.807,9696.0,5012.0,4684.0,296
1773580500000,1.808,1.808,1.792,1.795,11918.0,3964.0,7954.0,267
1773581400000,1.796,1.806,1.791,1.806,7898.0,5247.0,2651.0,208
1773582300000,1.805,1.818,1.801,1.814,14540.0,10337.0,4203.0,286
1773583200000,1.814,1.816,1.808,1.815,5587.0,3023.0,2564.0,258
1773584100000,1.813,1.813,1.792,1.796,5697.0,2317.0,3380.0,166
1773585000000,1.796,1.796,1.792,1.793,2420.0,1176.0,1244.0,134
1773585900000,1.793,1.806,1.793,1.805,3461.0,2593.0,868.0,113
1773586800000,1.804,1.811,1.802,1.807,2575.0,1474.0,1101.0,149
1773587700000,1.806,1.814,1.806,1.811,4940.0,1739.0,3201.0,162
1773588600000,1.812,1.828,1.796,1.82,35450.0,15998.0,19452.0,762
1773589500000,1.819,1.826,1.811,1.813,11521.0,5958.0,5563.0,318
1773590400000,1.811,1.827,1.81,1.818,4435.0,3680.0,755.0,212
1773591300000,1.818,1.826,1.818,1.821,2478.0,1488.0,990.0,116
1773592200000,1.821,1.826,1.817,1.819,6155.0,674.0,5481.0,116
1773593100000,1.818,1.827,1.818,1.824,5095.0,3573.0,1522.0,144
1773594000000,1.824,1.833,1.822,1.831,12324.0,7877.0,4447.0,303
1773594900000,1.83,1.832,1.827,1.828,3370.0,693.0,2677.0,99
1773595800000,1.828,1.831,1.827,1.828,446.0,258.0,188.0,51
1773596700000,1.829,1.83,1.819,1.822,4099.0,1259.0,2840.0,140
1773597600000,1.822,1.825,1.82,1.825,2506.0,1052.0,1454.0,119
1773598500000,1.824,1.825,1.81,1.815,11416.0,2658.0,8758.0,229
1773599400000,1.815,1.815,1.806,1.807,2438.0,1067.0,1371.0,86
1773600300000,1.807,1.813,1.801,1.803,3741.0,2482.0,1259.0,108
1773601200000,1.803,1.806,1.797,1.804,4951.0,3582.0,1369.0,184
1773602100000,1.803,1.805,1.799,1.803,1366.0,728.0,638.0,54
1773603000000,1.803,1.808,1.803,1.808,3047.0,1819.0,1228.0,81
1773603900000,1.806,1.808,1.806,1.806,894.0,687.0,207.0,44
1773604800000,1.806,1.813,1.805,1.806,2635.0,1316.0,1319.0,100
1773605700000,1.806,1.807,1.804,1.805,489.0,403.0,86.0,21
1773606600000,1.804,1.807,1.803,1.806,2339.0,1868.0,471.0,89
1773607500000,1.807,1.813,1.803,1.807,4481.0,2009.0,2472.0,103
1773608400000,1.806,1.807,1.781,1.783,22677.0,5344.0,17333.0,400
1773609300000,1.783,1.783,1.762,1.769,16663.0,5258.0,11405.0,333
1773610200000,1.77,1.779,1.77,1.775,6870.0,5279.0,1591.0,221
1773611100000,1.776,1.783,1.77,1.773,3250.0,2736.0,514.0,162
1773612000000,1.774,1.775,1.765,1.77,5338.0,2330.0,3008.0,301
1773612900000,1.77,1.78,1.77,1.78,2310.0,1439.0,871.0,180
1773613800000,1.78,1.785,1.774,1.784,14765.0,7174.0,7591.0,355
1773614700000,1.784,1.798,1.78,1.78,20749.0,14275.0,6474.0,379
1773615600000,1.781,1.818,1.778,1.814,33912.0,21100.0,12812.0,642
1773616500000,1.814,1.814,1.797,1.798,9808.0,2446.0,7362.0,241
1773617400000,1.797,1.801,1.797,1.799,1836.0,758.0,1078.0,73
1773618300000,1.799,1.805,1.799,1.805,1377.0,907.0,470.0,61
1773619200000,1.804,1.812,1.803,1.806,3568.0,1292.0,2276.0,160
1773620100000,1.806,1.808,1.803,1.804,2018.0,1620.0,398.0,94
1773621000000,1.805,1.81,1.803,1.803,1198.0,517.0,681.0,63
1773621900000,1.803,1.805,1.8,1.801,1998.0,888.0,1110.0,83
1773622800000,1.8,1.814,1.799,1.813,4641.0,1450.0,3191.0,147
1773623700000,1.813,1.813,1.809,1.81,2448.0,464.0,1984.0,67
1773624600000,1.811,1.812,1.808,1.808,1233.0,335.0,898.0,67
1773625500000,1.807,1.813,1.807,1.809,1295.0,488.0,807.0,53
1773626400000,1.808,1.812,1.803,1.806,7484.0,3447.0,4037.0,166
1773627300000,1.806,1.807,1.8,1.806,1423.0,245.0,1178.0,48
1773628200000,1.806,1.806,1.802,1.804,393.0,311.0,82.0,42
1773629100000,1.805,1.812,1.804,1.809,3079.0,2553.0,526.0,70
1773630000000,1.809,1.81,1.804,1.807,1977.0,1438.0,539.0,74
1773630900000,1.807,1.811,1.807,1.809,1160.0,850.0,310.0,59
1773631800000,1.809,1.818,1.809,1.815,6339.0,2560.0,3779.0,201
1773632700000,1.814,1.814,1.804,1.812,8198.0,1999.0,6199.0,170
1773633600000,1.811,1.811,1.796,1.801,7409.0,2430.0,4979.0,186
1773634500000,1.801,1.804,1.798,1.8,3873.0,1994.0,1879.0,71
1773635400000,1.801,1.801,1.792,1.793,3924.0,1060.0,2864.0,128
1773636300000,1.792,1.795,1.785,1.788,6721.0,3162.0,3559.0,232
1773637200000,1.789,1.796,1.784,1.79,4325.0,1461.0,2864.0,148
1773638100000,1.79,1.792,1.785,1.791,2841.0,927.0,1914.0,119
1773639000000,1.791,1.793,1.789,1.79,1014.0,287.0,727.0,67
1773639900000,1.79,1.79,1.785,1.787,1451.0,1020.0,431.0,85
1773640800000,1.786,1.798,1.78,1.797,11176.0,6746.0,4430.0,369
1773641700000,1.797,1.818,1.796,1.817,15338.0,8217.0,7121.0,503
1773642600000,1.817,1.836,1.817,1.833,21788.0,12895.0,8893.0,627
1773643500000,1.833,1.849,1.829,1.846,14195.0,5974.0,8221.0,485
1773644400000,1.847,1.853,1.839,1.85,22234.0,9044.0,13190.0,652
1773645300000,1.85,1.873,1.848,1.861,48932.0,23498.0,25434.0,985
1773646200000,1.861,1.872,1.857,1.867,28829.0,16974.0,11855.0,568
1773647100000,1.868,1.883,1.851,1.854,63121.0,24209.0,38912.0,1089
1773648000000,1.855,1.862,1.852,1.859,7532.0,2933.0,4599.0,268
1773648900000,1.86,1.865,1.853,1.857,8778.0,2795.0,5983.0,270
1773649800000,1.857,1.871,1.857,1.863,10296.0,3286.0,7010.0,267
1773650700000,1.863,1.872,1.863,1.871,3549.0,1303.0,2246.0,164
1773651600000,1.872,1.873,1.853,1.853,10956.0,2033.0,8923.0,355
1773652500000,1.853,1.861,1.853,1.857,7487.0,2699.0,4788.0,187
1773653400000,1.857,1.862,1.851,1.852,8115.0,3320.0,4795.0,231
1773654300000,1.854,1.879,1.852,1.858,28258.0,14332.0,13926.0,731
1773655200000,1.858,1.867,1.857,1.865,7473.0,2645.0,4828.0,249
1773656100000,1.864,1.874,1.863,1.864,9565.0,3334.0,6231.0,285
1773657000000,1.863,1.867,1.86,1.862,5367.0,2689.0,2678.0,143
1773657900000,1.86,1.868,1.856,1.861,19287.0,5500.0,13787.0,388
1773658800000,1.861,1.862,1.855,1.855,8022.0,1550.0,6472.0,237
1773659700000,1.855,1.858,1.845,1.852,16815.0,3752.0,13063.0,271
1773660600000,1.852,1.854,1.851,1.852,3633.0,1854.0,1779.0,167
1773661500000,1.851,1.852,1.845,1.85,8244.0,3353.0,4891.0,208
1773662400000,1.849,1.855,1.849,1.855,6068.0,3881.0,2187.0,186
1773663300000,1.855,1.857,1.848,1.852,8792.0,3563.0,5229.0,138
1773664200000,1.853,1.863,1.849,1.863,6147.0,3219.0,2928.0,170
1773665100000,1.863,1.864,1.859,1.86,3826.0,1484.0,2342.0,126
1773666000000,1.86,1.86,1.854,1.86,5979.0,2650.0,3329.0,194
1773666900000,1.861,1.864,1.86,1.861,8695.0,5011.0,3684.0,363
1773667800000,1.861,1.867,1.856,1.861,29438.0,18771.0,10667.0,588
1773668700000,1.861,1.87,1.86,1.865,16903.0,9355.0,7548.0,519
1773669600000,1.866,1.872,1.861,1.869,24860.0,14160.0,10700.0,615
1773670500000,1.868,1.875,1.865,1.874,20314.0,10104.0,10210.0,569
1773671400000,1.873,1.877,1.868,1.877,18375.0,6310.0,12065.0,554
1773672300000,1.877,1.878,1.87,1.878,15644.0,5062.0,10582.0,582
1773673200000,1.878,1.881,1.875,1.881,18526.0,12442.0,6084.0,576
1773674100000,1.88,1.881,1.875,1.879,13857.0,6483.0,7374.0,565
1773675000000,1.879,1.882,1.878,1.879,11519.0,7568.0,3951.0,438
1773675900000,1.879,1.882,1.876,1.881,11852.0,6281.0,5571.0,341
1773676800000,1.88,1.884,1.878,1.883,11988.0,7996.0,3992.0,355
1773677700000,1.883,1.888,1.879,1.88,45637.0,20372.0,25265.0,644
1773678600000,1.88,1.882,1.875,1.881,13974.0,8914.0,5060.0,368
1773679500000,1.881,1.883,1.88,1.883,4139.0,1603.0,2536.0,154
1773680400000,1.883,1.884,1.879,1.881,2359.0,1169.0,1190.0,184
1773681300000,1.88,1.883,1.879,1.881,4582.0,3632.0,950.0,276
1773682200000,1.88,1.882,1.878,1.88,7321.0,3698.0,3623.0,360
1773683100000,1.881,1.882,1.878,1.879,4844.0,2768.0,2076.0,241
1773684000000,1.88,1.885,1.878,1.884,16867.0,14060.0,2807.0,395
1773684900000,1.883,1.884,1.88,1.882,2361.0,1328.0,1033.0,127
1773685800000,1.882,1.884,1.877,1.882,13445.0,4939.0,8506.0,289
1773686700000,1.881,1.884,1.881,1.881,3273.0,2193.0,1080.0,93
1773687600000,1.88,1.887,1.879,1.884,8343.0,7155.0,1188.0,248
1773688500000,1.883,1.886,1.878,1.886,12870.0,5441.0,7429.0,351
1773689400000,1.885,1.887,1.883,1.885,7774.0,3618.0,4156.0,390
1773690300000,1.885,1.885,1.882,1.885,5667.0,4454.0,1213.0,253
1773691200000,1.885,1.888,1.884,1.888,12185.0,8939.0,3246.0,615
1773692100000,1.888,1.888,1.884,1.887,15072.0,8756.0,6316.0,791
1773693000000,1.888,1.888,1.884,1.887,16586.0,12216.0,4370.0,504
1773693900000,1.887,1.89,1.884,1.887,23947.0,19732.0,4215.0,612
1773694800000,1.888,1.889,1.884,1.886,15345.0,9357.0,5988.0,612
1773695700000,1.887,1.89,1.883,1.888,20392.0,11665.0,8727.0,676
1773696600000,1.888,1.93,1.886,1.927,120898.0,80759.0,40139.0,2088
1773697500000,1.928,1.949,1.916,1.936,65974.0,35659.0,30315.0,1485
1773698400000,1.938,1.943,1.922,1.924,35906.0,15427.0,20479.0,1003
1773699300000,1.923,1.932,1.922,1.925,19089.0,11274.0,7815.0,458
1773700200000,1.925,1.929,1.918,1.918,9647.0,6419.0,3228.0,300
1773701100000,1.917,1.92,1.888,1.915,41691.0,14593.0,27098.0,964
1773702000000,1.915,1.934,1.91,1.928,26322.0,17649.0,8673.0,592
1773702900000,1.927,1.937,1.921,1.929,14016.0,6002.0,8014.0,341
1773703800000,1.93,1.95,1.929,1.947,30971.0,21621.0,9350.0,611
1773704700000,1.947,1.967,1.947,1.967,37240.0,29625.0,7615.0,578
1773705600000,1.967,1.97,1.892,1.9,133745.0,48299.0,85446.0,2938
1773706500000,1.901,1.916,1.892,1.913,16934.0,10402.0,6532.0,613
1773707400000,1.914,1.923,1.825,1.868,136821.0,51613.0,85208.0,3040
1773708300000,1.867,1.871,1.817,1.856,67558.0,28254.0,39304.0,1887
1773709200000,1.855,1.89,1.847,1.873,40492.0,25825.0,14667.0,1189
1773710100000,1.874,1.892,1.873,1.891,25715.0,11756.0,13959.0,791
1773711000000,1.892,1.915,1.887,1.896,27959.0,13863.0,14096.0,888
1773711900000,1.896,1.909,1.896,1.9,9014.0,2100.0,6914.0,292
1773712800000,1.902,1.91,1.895,1.909,7799.0,4145.0,3654.0,274
1773713700000,1.909,1.91,1.885,1.893,16749.0,4002.0,12747.0,484
1773714600000,1.894,1.907,1.892,1.904,12147.0,7724.0,4423.0,343
1773715500000,1.906,1.931,1.904,1.927,16471.0,8747.0,7724.0,512
1773716400000,1.928,1.947,1.927,1.941,19894.0,7532.0,12362.0,500
1773717300000,1.94,1.948,1.929,1.933,11091.0,2586.0,8505.0,360
1773718200000,1.934,1.941,1.909,1.911,27589.0,10389.0,17200.0,836
1773719100000,1.911,1.916,1.897,1.914,10824.0,3594.0,7230.0,370
1773720000000,1.914,1.941,1.911,1.93,26165.0,9037.0,17128.0,693
1773720900000,1.93,1.931,1.911,1.92,30842.0,8383.0,22459.0,779
1773721800000,1.92,1.932,1.913,1.929,23654.0,9175.0,14479.0,823
1773722700000,1.929,1.938,1.924,1.925,7297.0,1956.0,5341.0,300
1773723600000,1.925,1.938,1.924,1.928,5361.0,1548.0,3813.0,318
1773724500000,1.929,1.955,1.928,1.943,15688.0,7538.0,8150.0,585
1773725400000,1.945,1.945,1.921,1.922,9574.0,4370.0,5204.0,409
1773726300000,1.922,1.925,1.916,1.922,7260.0,3220.0,4040.0,310
1773727200000,1.923,1.927,1.916,1.927,5042.0,2191.0,2851.0,247
1773728100000,1.927,1.928,1.921,1.926,3522.0,1399.0,2123.0,173
1773729000000,1.926,1.926,1.916,1.916,5398.0,878.0,4520.0,137
1773729900000,1.916,1.917,1.913,1.914,2261.0,1084.0,1177.0,139
1773730800000,1.914,1.927,1.914,1.919,8788.0,5698.0,3090.0,288
1773731700000,1.919,1.922,1.912,1.914,4545.0,2344.0,2201.0,205
1773732600000,1.914,1.914,1.901,1.911,10386.0,4028.0,6358.0,565
1773733500000,1.911,1.913,1.9,1.902,4316.0,2368.0,1948.0,422
1773734400000,1.902,1.921,1.898,1.899,9550.0,3311.0,6239.0,365
1773735300000,1.899,1.907,1.893,1.901,10643.0,8352.0,2291.0,202
1773736200000,1.903,1.914,1.899,1.911,3129.0,1081.0,2048.0,165
1773737100000,1.911,1.912,1.902,1.91,5258.0,1609.0,3649.0,230
1773738000000,1.911,1.922,1.904,1.918,6421.0,3176.0,3245.0,296
1773738900000,1.918,1.918,1.904,1.911,3182.0,1214.0,1968.0,148
1773739800000,1.91,1.92,1.909,1.915,7957.0,1789.0,6168.0,209
1773740700000,1.916,1.917,1.909,1.909,4582.0,1947.0,2635.0,154
1773741600000,1.91,1.91,1.903,1.906,4304.0,1859.0,2445.0,173
1773742500000,1.906,1.91,1.903,1.908,2010.0,1195.0,815.0,108
1773743400000,1.906,1.91,1.906,1.909,3009.0,1430.0,1579.0,267
1773744300000,1.908,1.944,1.908,1.938,23600.0,15547.0,8053.0,963
1773745200000,1.938,1.949,1.929,1.934,14384.0,6087.0,8297.0,621
1773746100000,1.932,1.936,1.922,1.924,3422.0,1114.0,2308.0,192
1773747000000,1.924,1.97,1.909,1.967,49458.0,35048.0,14410.0,1221
1773747900000,1.967,2.096,1.958,2.084,499643.0,257359.0,242284.0,12304
1773748800000,2.085,2.093,2.02,2.058,307875.0,138005.0,169870.0,9234
1773749700000,2.059,2.075,2.021,2.037,123962.0,53050.0,70912.0,4006
1773750600000,2.038,2.084,2.029,2.079,111332.0,61302.0,50030.0,2951
1773751500000,2.077,2.105,2.044,2.074,131170.0,66499.0,64671.0,3707
1773752400000,2.076,2.089,2.052,2.087,84805.0,43379.0,41426.0,2699
1773753300000,2.086,2.099,2.07,2.089,66208.0,30448.0,35760.0,2086
1773754200000,2.089,2.127,2.085,2.109,146464.0,74507.0,71957.0,3582
1773755100000,2.11,2.115,2.072,2.097,108936.0,49710.0,59226.0,3127
1773756000000,2.099,2.126,2.093,2.12,90034.0,44253.0,45781.0,3068
1773756900000,2.12,2.127,2.078,2.096,99858.0,46620.0,53238.0,3370
1773757800000,2.095,2.112,2.089,2.108,55472.0,28343.0,27129.0,1921
1773758700000,2.106,2.141,2.102,2.112,78332.0,44680.0,33652.0,2552
1773759600000,2.112,2.135,2.096,2.097,63900.0,24703.0,39197.0,2071
1773760500000,2.097,2.121,2.097,2.111,46480.0,27242.0,19238.0,1376
1773761400000,2.111,2.115,2.099,2.11,39101.0,21304.0,17797.0,1209
1773762300000,2.112,2.119,2.11,2.115,29832.0,12366.0,17466.0,867
1773763200000,2.114,2.163,1.963,2.012,628011.0,223434.0,404577.0,16521
1773764100000,2.014,2.084,2.0,2.083,131223.0,76992.0,54231.0,3789
1773765000000,2.084,2.101,2.063,2.088,120595.0,67910.0,52685.0,3943
1773765900000,2.088,2.113,2.079,2.097,67087.0,31128.0,35959.0,2221
1773766800000,2.096,2.1,2.067,2.1,52183.0,27128.0,25055.0,1773
1773767700000,2.099,2.116,2.081,2.097,52863.0,24751.0,28112.0,1430
1773768600000,2.097,2.112,2.085,2.103,24889.0,15949.0,8940.0,818
1773769500000,2.102,2.104,2.085,2.092,18230.0,8725.0,9505.0,594
1773770400000,2.092,2.11,2.092,2.108,15498.0,11458.0,4040.0,545
1773771300000,2.109,2.127,2.103,2.114,34996.0,20377.0,14619.0,1040
1773772200000,2.114,2.118,2.103,2.113,13302.0,7868.0,5434.0,413
1773773100000,2.114,2.114,2.103,2.105,6191.0,3060.0,3131.0,312
1773774000000,2.105,2.106,2.085,2.106,34534.0,12978.0,21556.0,1094
1773774900000,2.105,2.109,2.082,2.101,21313.0,13255.0,8058.0,688
1773775800000,2.102,2.113,2.098,2.11,16235.0,9966.0,6269.0,506
1773776700000,2.109,2.111,2.094,2.104,10953.0,7279.0,3674.0,474
1773777600000,2.102,2.107,2.093,2.095,14142.0,6560.0,7582.0,439
1773778500000,2.097,2.118,2.091,2.114,18519.0,12143.0,6376.0,669
1773779400000,2.114,2.115,2.101,2.103,3692.0,1937.0,1755.0,239
1773780300000,2.104,2.107,2.094,2.095,9821.0,2563.0,7258.0,361
1773781200000,2.095,2.102,2.082,2.09,12703.0,4535.0,8168.0,520
1773782100000,2.09,2.115,2.079,2.104,29844.0,16997.0,12847.0,1030
1773783000000,2.104,2.199,2.098,2.162,107106.0,72179.0,34927.0,3132
1773783900000,2.159,2.204,2.141,2.167,105711.0,54135.0,51576.0,4029
1773784800000,2.17,2.192,2.155,2.19,46852.0,27463.0,19389.0,1607
1773785700000,2.192,2.214,2.027,2.068,469489.0,208410.0,261079.0,12787
1773786600000,2.067,2.093,2.055,2.065,78267.0,47710.0,30557.0,2372
1773787500000,2.064,2.071,2.042,2.047,33114.0,17548.0,15566.0,1144
1773788400000,2.046,2.058,2.036,2.043,29161.0,15277.0,13884.0,1096
1773789300000,2.043,2.054,2.013,2.045,68877.0,30813.0,38064.0,1924
1773790200000,2.042,2.058,2.04,2.042,26860.0,13424.0,13436.0,801
1773791100000,2.042,2.052,2.031,2.05,31637.0,15496.0,16141.0,1001
1773792000000,2.05,2.072,2.04,2.052,39214.0,18626.0,20588.0,1409
1773792900000,2.052,2.085,2.045,2.084,28991.0,17813.0,11178.0,898
1773793800000,2.082,2.082,2.053,2.065,13594.0,7719.0,5875.0,541
1773794700000,2.064,2.065,1.977,2.008,118649.0,47735.0,70914.0,3186
1773795600000,2.008,2.023,1.972,2.007,69217.0,36559.0,32658.0,2347
1773796500000,2.006,2.023,2.004,2.018,19244.0,10260.0,8984.0,659
1773797400000,2.017,2.022,1.998,2.016,21654.0,6425.0,15229.0,792
1773798300000,2.016,2.028,2.014,2.015,17099.0,11109.0,5990.0,739
1773799200000,2.014,2.035,1.994,2.008,48501.0,23539.0,24962.0,1432
1773800100000,2.006,2.015,2.005,2.011,8537.0,2822.0,5715.0,352
1773801000000,2.011,2.013,1.995,2.007,17955.0,7104.0,10851.0,584
1773801900000,2.006,2.012,2.0,2.011,16455.0,3885.0,12570.0,498
1773802800000,2.012,2.053,2.01,2.035,49230.0,21500.0,27730.0,1550
1773803700000,2.033,2.036,2.024,2.033,9191.0,3917.0,5274.0,415
1773804600000,2.033,2.036,2.019,2.022,10023.0,2975.0,7048.0,423
1773805500000,2.022,2.031,2.022,2.024,5828.0,1622.0,4206.0,292
1773806400000,2.024,2.044,2.007,2.025,42178.0,20477.0,21701.0,1413
1773807300000,2.025,2.035,2.019,2.033,15906.0,5571.0,10335.0,562
1773808200000,2.033,2.046,2.03,2.034,12859.0,8067.0,4792.0,464
1773809100000,2.034,2.043,2.034,2.042,2030.0,578.0,1452.0,137
1773810000000,2.041,2.049,2.039,2.041,5740.0,2259.0,3481.0,290
1773810900000,2.041,2.042,2.037,2.041,3595.0,1830.0,1765.0,187
1773811800000,2.04,2.051,2.04,2.046,9474.0,6160.0,3314.0,327
1773812700000,2.046,2.05,2.024,2.033,17776.0,4917.0,12859.0,648
1773813600000,2.034,2.042,2.028,2.033,8133.0,5719.0,2414.0,295
1773814500000,2.032,2.037,2.023,2.037,5478.0,1877.0,3601.0,241
1773815400000,2.037,2.039,2.021,2.028,8971.0,1868.0,7103.0,361
1773816300000,2.028,2.031,2.02,2.027,9623.0,3776.0,5847.0,319
1773817200000,2.027,2.037,2.024,2.033,8975.0,3407.0,5568.0,370
1773818100000,2.033,2.037,2.026,2.03,3734.0,1404.0,2330.0,191
1773819000000,2.03,2.042,2.03,2.034,14446.0,9577.0,4869.0,440
1773819900000,2.034,2.036,2.02,2.03,10709.0,2492.0,8217.0,361
1773820800000,2.03,2.038,2.027,2.03,11135.0,8023.0,3112.0,395
1773821700000,2.031,2.055,2.03,2.052,19254.0,16098.0,3156.0,558
1773822600000,2.053,2.071,2.027,2.033,29514.0,10590.0,18924.0,1004
1773823500000,2.033,2.049,2.03,2.042,8867.0,6656.0,2211.0,295
1773824400000,2.041,2.05,2.037,2.05,9277.0,5527.0,3750.0,335
1773825300000,2.05,2.062,2.046,2.051,13627.0,5999.0,7628.0,393
1773826200000,2.051,2.104,2.051,2.083,86639.0,43029.0,43610.0,1750
1773827100000,2.084,2.125,2.058,2.122,138231.0,72409.0,65822.0,2943
1773828000000,2.122,2.247,2.102,2.239,526005.0,273688.0,252317.0,10864
1773828900000,2.24,2.29,2.201,2.26,665699.0,337808.0,327891.0,13999
1773829800000,2.261,2.269,2.191,2.227,410007.0,194711.0,215296.0,8005
1773830700000,2.227,2.262,2.213,2.253,208551.0,113778.0,94773.0,4112
1773831600000,2.254,2.297,2.23,2.26,386217.0,187968.0,198249.0,8079
1773832500000,2.262,2.275,2.214,2.23,301683.0,146629.0,155054.0,6578
1773833400000,2.229,2.248,2.202,2.239,268676.0,129612.0,139064.0,5558
1773834300000,2.239,2.254,2.21,2.252,132604.0,58996.0,73608.0,2955
1773835200000,2.253,2.267,2.235,2.258,100847.0,55425.0,45422.0,2224
1773836100000,2.258,2.259,2.181,2.224,208322.0,83019.0,125303.0,4439
1773837000000,2.224,2.248,2.219,2.238,81159.0,39397.0,41762.0,1770
1773837900000,2.237,2.246,2.212,2.228,61286.0,27856.0,33430.0,1583
1773838800000,2.229,2.239,2.211,2.232,61110.0,31254.0,29856.0,1697
1773839700000,2.231,2.239,2.214,2.234,40115.0,18291.0,21824.0,1171
1773840600000,2.234,2.236,2.216,2.23,33339.0,17448.0,15891.0,992
1773841500000,2.232,2.233,2.216,2.222,43675.0,20885.0,22790.0,1046
1773842400000,2.222,2.239,2.216,2.23,33788.0,18374.0,15414.0,997
1773843300000,2.23,2.238,2.205,2.234,50281.0,20529.0,29752.0,1243
1773844200000,2.234,2.254,2.234,2.241,45736.0,27297.0,18439.0,1227
1773845100000,2.244,2.247,2.216,2.22,66553.0,34106.0,32447.0,1383
1773846000000,2.22,2.227,2.205,2.215,63134.0,31408.0,31726.0,1714
1773846900000,2.215,2.228,2.211,2.225,31573.0,17260.0,14313.0,926
1773847800000,2.224,2.25,2.223,2.227,49817.0,26983.0,22834.0,1281
1773848700000,2.227,2.239,2.216,2.239,25847.0,11045.0,14802.0,694
1773849600000,2.238,2.25,2.236,2.25,24346.0,14148.0,10198.0,699
1773850500000,2.249,2.334,2.244,2.301,338443.0,167038.0,171405.0,6447
1773851400000,2.302,2.324,2.278,2.298,188665.0,95968.0,92697.0,3885
1773852300000,2.296,2.309,2.269,2.301,107234.0,50807.0,56427.0,2350
1773853200000,2.301,2.346,2.295,2.319,156885.0,84202.0,72683.0,3288
1773854100000,2.32,2.321,2.228,2.238,285539.0,124743.0,160796.0,5623
1773855000000,2.239,2.273,2.214,2.243,148930.0,83904.0,65026.0,3348
1773855900000,2.242,2.278,2.23,2.269,65066.0,43956.0,21110.0,1700
1773856800000,2.27,2.277,2.243,2.247,59415.0,28156.0,31259.0,1428
1773857700000,2.246,2.264,2.231,2.244,50900.0,27506.0,23394.0,1378
1773858600000,2.244,2.251,2.235,2.236,14173.0,5840.0,8333.0,565
1773859500000,2.237,2.25,2.235,2.24,17484.0,11325.0,6159.0,585
1773860400000,2.24,2.268,2.24,2.262,38531.0,19708.0,18823.0,1063
1773861300000,2.261,2.267,2.25,2.253,21035.0,10890.0,10145.0,652
1773862200000,2.253,2.257,2.236,2.244,26301.0,12400.0,13901.0,761
1773863100000,2.242,2.262,2.241,2.253,20904.0,15224.0,5680.0,699
1773864000000,2.255,2.266,2.252,2.255,22334.0,8893.0,13441.0,679
1773864900000,2.255,2.264,2.247,2.248,15899.0,7450.0,8449.0,492
1773865800000,2.25,2.261,2.248,2.256,19526.0,10878.0,8648.0,557
1773866700000,2.257,2.262,2.249,2.25,10633.0,5165.0,5468.0,445
1773867600000,2.25,2.262,2.244,2.244,25549.0,10087.0,15462.0,753
1773868500000,2.245,2.247,2.229,2.24,31148.0,15631.0,15517.0,829
1773869400000,2.24,2.24,2.23,2.232,10457.0,4822.0,5635.0,328
1773870300000,2.233,2.257,2.233,2.253,18304.0,14340.0,3964.0,552
1773871200000,2.254,2.258,2.238,2.241,21119.0,10480.0,10639.0,706
1773872100000,2.239,2.252,2.235,2.251,8327.0,4948.0,3379.0,386
1773873000000,2.251,2.255,2.244,2.253,10299.0,4230.0,6069.0,430
1773873900000,2.252,2.259,2.245,2.256,18053.0,8896.0,9157.0,627
1773874800000,2.256,2.259,2.241,2.244,17353.0,7745.0,9608.0,615
1773875700000,2.245,2.251,2.24,2.242,10184.0,5326.0,4858.0,407
1773876600000,2.243,2.254,2.24,2.242,18272.0,10093.0,8179.0,509
1773877500000,2.243,2.243,2.228,2.233,15534.0,5875.0,9659.0,521
1773878400000,2.234,2.254,2.229,2.233,21934.0,7217.0,14717.0,842
1773879300000,2.233,2.25,2.232,2.239,16738.0,8627.0,8111.0,539
1773880200000,2.241,2.256,2.239,2.255,11170.0,5682.0,5488.0,465
1773881100000,2.256,2.256,2.241,2.251,20014.0,8027.0,11987.0,540
1773882000000,2.252,2.255,2.236,2.24,22900.0,10224.0,12676.0,680
1773882900000,2.24,2.244,2.228,2.238,23496.0,13293.0,10203.0,518
1773883800000,2.238,2.248,2.234,2.243,17581.0,10140.0,7441.0,530
1773884700000,2.243,2.26,2.237,2.252,21372.0,11670.0,9702.0,671
1773885600000,2.254,2.255,2.223,2.247,51208.0,29440.0,21768.0,974
1773886500000,2.247,2.264,2.242,2.247,56377.0,17522.0,38855.0,939
1773887400000,2.248,2.252,2.243,2.249,4427.0,2272.0,2155.0,248
1773888300000,2.249,2.249,2.231,2.237,18996.0,5794.0,13202.0,521
1773889200000,2.238,2.243,2.222,2.237,27229.0,12921.0,14308.0,715
1773890100000,2.237,2.247,2.236,2.245,8008.0,3725.0,4283.0,399
1773891000000,2.245,2.245,2.229,2.229,9301.0,3720.0,5581.0,354
1773891900000,2.229,2.235,2.226,2.227,10829.0,3320.0,7509.0,369
1773892800000,2.228,2.243,2.223,2.243,21666.0,13073.0,8593.0,701
1773893700000,2.243,2.259,2.239,2.254,18971.0,10495.0,8476.0,589
1773894600000,2.253,2.264,2.242,2.248,16955.0,6899.0,10056.0,552
1773895500000,2.248,2.256,2.24,2.249,14103.0,5684.0,8419.0,415
1773896400000,2.247,2.259,2.247,2.255,18139.0,12869.0,5270.0,606
1773897300000,2.255,2.264,2.251,2.253,17027.0,8031.0,8996.0,540
1773898200000,2.252,2.259,2.246,2.253,9165.0,3162.0,6003.0,356
1773899100000,2.252,2.256,2.244,2.251,11805.0,2894.0,8911.0,373
1773900000000,2.249,2.253,2.247,2.251,9409.0,4936.0,4473.0,373
1773900900000,2.25,2.257,2.248,2.248,10692.0,4983.0,5709.0,353
1773901800000,2.25,2.251,2.236,2.25,11818.0,4445.0,7373.0,412
1773902700000,2.249,2.264,2.247,2.259,20952.0,14735.0,6217.0,514
1773903600000,2.259,2.265,2.24,2.247,30230.0,9880.0,20350.0,686
1773904500000,2.245,2.247,2.234,2.238,16227.0,7327.0,8900.0,463
1773905400000,2.237,2.241,2.225,2.24,15974.0,10110.0,5864.0,436
1773906300000,2.239,2.241,2.234,2.239,10995.0,5005.0,5990.0,269
1773907200000,2.238,2.255,2.236,2.248,17897.0,10876.0,7021.0,495
1773908100000,2.247,2.253,2.238,2.247,10063.0,4617.0,5446.0,324
1773909000000,2.247,2.333,2.245,2.287,143834.0,93596.0,50238.0,2362
1773909900000,2.289,2.299,2.207,2.236,159763.0,54157.0,105606.0,2871
1773910800000,2.238,2.257,2.236,2.255,32673.0,21432.0,11241.0,897
1773911700000,2.256,2.275,2.254,2.262,28748.0,15183.0,13565.0,658
1773912600000,2.261,2.267,2.25,2.254,18609.0,7855.0,10754.0,510
1773913500000,2.254,2.255,2.237,2.254,16699.0,10065.0,6634.0,491
1773914400000,2.255,2.26,2.232,2.248,22993.0,10970.0,12023.0,754
1773915300000,2.247,2.254,2.246,2.249,5480.0,2187.0,3293.0,325
1773916200000,2.249,2.256,2.243,2.251,6517.0,4799.0,1718.0,237
1773917100000,2.251,2.252,2.239,2.24,5583.0,1968.0,3615.0,252
1773918000000,2.241,2.248,2.221,2.224,25024.0,10206.0,14818.0,694
1773918900000,2.224,2.238,2.224,2.236,13839.0,9277.0,4562.0,439
1773919800000,2.236,2.251,2.236,2.247,9274.0,6638.0,2636.0,365
1773920700000,2.248,2.248,2.242,2.242,5604.0,3920.0,1684.0,272
1773921600000,2.242,2.251,2.233,2.25,19932.0,10714.0,9218.0,498
1773922500000,2.249,2.276,2.249,2.254,20505.0,13230.0,7275.0,672
1773923400000,2.255,2.268,2.25,2.254,8595.0,3716.0,4879.0,401
1773924300000,2.254,2.264,2.251,2.254,12279.0,6867.0,5412.0,395
1773925200000,2.253,2.262,2.247,2.258,15156.0,7294.0,7862.0,511
1773926100000,2.258,2.265,2.255,2.261,5284.0,2424.0,2860.0,236
1773927000000,2.262,2.273,2.255,2.264,9270.0,3933.0,5337.0,379
1773927900000,2.265,2.275,2.261,2.264,8081.0,3333.0,4748.0,321
1773928800000,2.264,2.266,2.246,2.251,8292.0,4393.0,3899.0,358
1773929700000,2.251,2.266,2.25,2.25,11451.0,6599.0,4852.0,369
1773930600000,2.251,2.253,2.234,2.245,14471.0,6333.0,8138.0,421
1773931500000,2.243,2.258,2.243,2.25,6082.0,3582.0,2500.0,239
1773932400000,2.25,2.26,2.249,2.254,7231.0,3522.0,3709.0,309
1773933300000,2.254,2.256,2.23,2.235,11268.0,3613.0,7655.0,326
1773934200000,2.235,2.243,2.23,2.239,7919.0,4766.0,3153.0,275
1773935100000,2.24,2.254,2.23,2.236,12928.0,6176.0,6752.0,439
1773936000000,2.236,2.245,2.231,2.234,7724.0,3146.0,4578.0,353
1773936900000,2.233,2.24,2.185,2.233,86989.0,37227.0,49762.0,1867
1773937800000,2.233,2.248,2.23,2.231,11562.0,6428.0,5134.0,432
1773938700000,2.231,2.24,2.226,2.231,14716.0,6592.0,8124.0,447
1773939600000,2.231,2.234,2.221,2.232,9408.0,2604.0,6804.0,319
1773940500000,2.231,2.241,2.22,2.228,17095.0,8269.0,8826.0,485
1773941400000,2.229,2.238,2.223,2.232,10867.0,4939.0,5928.0,426
1773942300000,2.231,2.232,2.216,2.22,17879.0,6049.0,11830.0,494
1773943200000,2.222,2.233,2.204,2.222,34909.0,19026.0,15883.0,954
1773944100000,2.221,2.228,2.204,2.224,31251.0,21315.0,9936.0,460
1773945000000,2.225,2.228,2.212,2.22,11401.0,3637.0,7764.0,356
1773945900000,2.22,2.228,2.21,2.216,12775.0,5923.0,6852.0,372
1773946800000,2.216,2.238,2.204,2.217,33121.0,15061.0,18060.0,791
1773947700000,2.217,2.251,2.213,2.226,34681.0,17647.0,17034.0,833
1773948600000,2.226,2.236,2.225,2.232,6990.0,4959.0,2031.0,225
1773949500000,2.233,2.234,2.224,2.225,3546.0,650.0,2896.0,187
1773950400000,2.226,2.285,2.226,2.279,392243.0,203861.0,188382.0,7684
1773951300000,2.278,2.308,2.268,2.279,64053.0,34278.0,29775.0,2020
1773952200000,2.28,2.281,2.258,2.27,27777.0,13268.0,14509.0,841
1773953100000,2.268,2.276,2.251,2.274,27114.0,19028.0,8086.0,668
1773954000000,2.274,2.28,2.263,2.271,33608.0,14720.0,18888.0,906
1773954900000,2.272,2.273,2.264,2.271,26456.0,9934.0,16522.0,683
1773955800000,2.271,2.271,2.259,2.263,13006.0,4628.0,8378.0,452
1773956700000,2.262,2.275,2.26,2.265,8567.0,4535.0,4032.0,413
1773957600000,2.267,2.296,2.259,2.294,47470.0,31017.0,16453.0,1336
1773958500000,2.293,2.39,2.291,2.359,359142.0,237907.0,121235.0,5603
1773959400000,2.359,2.384,2.318,2.329,122310.0,63134.0,59176.0,3094
1773960300000,2.329,2.329,2.309,2.311,28348.0,16522.0,11826.0,1305
1773961200000,2.312,2.318,2.292,2.297,34708.0,21396.0,13312.0,959
1773962100000,2.297,2.3,2.156,2.244,288153.0,115155.0,172998.0,4692
1773963000000,2.245,2.261,2.244,2.255,39878.0,22065.0,17813.0,1424
1773963900000,2.255,2.277,2.255,2.27,24730.0,17256.0,7474.0,700
1773964800000,2.271,2.274,2.253,2.265,13679.0,6214.0,7465.0,541
1773965700000,2.264,2.271,2.248,2.261,7377.0,3189.0,4188.0,353
1773966600000,2.261,2.267,2.254,2.257,4813.0,2335.0,2478.0,269
1773967500000,2.259,2.272,2.259,2.27,6146.0,4281.0,1865.0,260
1773968400000,2.27,2.287,2.269,2.276,11605.0,7190.0,4415.0,534
1773969300000,2.275,2.281,2.266,2.275,9424.0,2468.0,6956.0,357
1773970200000,2.274,2.285,2.269,2.279,7075.0,5886.0,1189.0,324
1773971100000,2.279,2.285,2.276,2.28,7828.0,4514.0,3314.0,337
1773972000000,2.28,2.281,2.27,2.274,11208.0,4448.0,6760.0,402
1773972900000,2.274,2.284,2.27,2.277,6237.0,4702.0,1535.0,224
1773973800000,2.276,2.284,2.274,2.274,3071.0,2194.0,877.0,195
1773974700000,2.274,2.282,2.274,2.278,2105.0,1308.0,797.0,139
1773975600000,2.278,2.287,2.276,2.28,8203.0,5178.0,3025.0,295
1773976500000,2.279,2.279,2.265,2.269,15601.0,4988.0,10613.0,451
1773977400000,2.268,2.27,2.263,2.265,7086.0,4100.0,2986.0,270
1773978300000,2.265,2.271,2.264,2.268,2710.0,1624.0,1086.0,224
1773979200000,2.269,2.272,2.258,2.263,8461.0,2748.0,5713.0,405
1773980100000,2.262,2.27,2.262,2.268,2923.0,1715.0,1208.0,191
1773981000000,2.269,2.274,2.264,2.271,4572.0,2625.0,1947.0,269
1773981900000,2.27,2.284,2.269,2.278,6733.0,3559.0,3174.0,288
1773982800000,2.278,2.28,2.265,2.269,4670.0,1922.0,2748.0,251
1773983700000,2.269,2.271,2.263,2.267,3494.0,2641.0,853.0,143
1773984600000,2.267,2.27,2.263,2.27,2695.0,1435.0,1260.0,149
1773985500000,2.27,2.28,2.269,2.274,6088.0,3161.0,2927.0,243
1773986400000,2.274,2.279,2.274,2.278,2625.0,1588.0,1037.0,222
1773987300000,2.278,2.279,2.273,2.274,2837.0,898.0,1939.0,159
1773988200000,2.274,2.275,2.256,2.261,6124.0,1774.0,4350.0,249
1773989100000,2.261,2.264,2.224,2.231,32845.0,7279.0,25566.0,775
1773990000000,2.233,2.278,2.218,2.26,70530.0,37500.0,33030.0,1606
1773990900000,2.26,2.267,2.251,2.255,11445.0,3755.0,7690.0,494
1773991800000,2.255,2.259,2.248,2.253,11365.0,5318.0,6047.0,374
1773992700000,2.253,2.26,2.252,2.256,7926.0,5196.0,2730.0,324
1773993600000,2.255,2.259,2.25,2.252,4485.0,1973.0,2512.0,296
1773994500000,2.254,2.254,2.243,2.254,6445.0,3761.0,2684.0,274
1773995400000,2.253,2.253,2.25,2.252,1651.0,749.0,902.0,194
1773996300000,2.251,2.252,2.247,2.249,1319.0,567.0,752.0,163
1773997200000,2.249,2.252,2.239,2.24,4831.0,2291.0,2540.0,240
1773998100000,2.24,2.244,2.228,2.24,15542.0,6682.0,8860.0,433
1773999000000,2.239,2.242,2.202,2.224,50184.0,14261.0,35923.0,996
1773999900000,2.224,2.239,2.215,2.237,17309.0,11500.0,5809.0,449
1774000800000,2.238,2.286,2.237,2.285,81239.0,50435.0,30804.0,2018
1774001700000,2.285,2.294,2.266,2.276,21650.0,4194.0,17456.0,605
1774002600000,2.277,2.291,2.276,2.281,7689.0,3788.0,3901.0,257
1774003500000,2.281,2.282,2.266,2.271,7743.0,3710.0,4033.0,276
1774004400000,2.269,2.271,2.259,2.263,5275.0,2833.0,2442.0,303
1774005300000,2.263,2.272,2.26,2.261,4972.0,2206.0,2766.0,217
1774006200000,2.259,2.26,2.249,2.256,5098.0,1101.0,3997.0,201
1774007100000,2.256,2.264,2.25,2.253,4803.0,2022.0,2781.0,189
1774008000000,2.253,2.255,2.248,2.254,3894.0,1960.0,1934.0,190
1774008900000,2.253,2.254,2.247,2.25,3722.0,1093.0,2629.0,179
1774009800000,2.25,2.255,2.248,2.25,3210.0,1935.0,1275.0,129
1774010700000,2.25,2.252,2.242,2.248,6315.0,2380.0,3935.0,210
1774011600000,2.248,2.275,2.245,2.263,14800.0,9990.0,4810.0,479
1774012500000,2.263,2.263,2.256,2.256,2575.0,829.0,1746.0,144
1774013400000,2.256,2.263,2.253,2.262,5557.0,3807.0,1750.0,308
1774014300000,2.263,2.269,2.25,2.252,3736.0,1898.0,1838.0,195
1774015200000,2.252,2.272,2.25,2.258,15082.0,6519.0,8563.0,464
1774016100000,2.258,2.258,2.25,2.251,3460.0,1724.0,1736.0,250
1774017000000,2.251,2.255,2.245,2.251,7549.0,2075.0,5474.0,288
1774017900000,2.251,2.252,2.248,2.25,1985.0,541.0,1444.0,146
1774018800000,2.251,2.256,2.247,2.25,5860.0,2156.0,3704.0,307
1774019700000,2.249,2.326,2.249,2.313,129681.0,73337.0,56344.0,3053
1774020600000,2.314,2.314,2.29,2.307,20996.0,8927.0,12069.0,589
1774021500000,2.306,2.306,2.289,2.292,12540.0,6341.0,6199.0,397
1774022400000,2.291,2.307,2.291,2.297,10230.0,6717.0,3513.0,447
1774023300000,2.297,2.382,2.297,2.306,175300.0,82256.0,93044.0,4453
1774024200000,2.305,2.323,2.233,2.25,872655.0,405022.0,467633.0,22473
1774025100000,2.248,2.258,1.762,1.854,1560088.0,685764.0,874324.0,31572
1774026000000,1.856,1.999,1.785,1.894,1124021.0,566838.0,557183.0,25193
1774026900000,1.895,1.968,1.788,1.892,638734.0,341471.0,297263.0,16095
1774027800000,1.894,1.943,1.821,1.835,298172.0,138520.0,159652.0,8698
1774028700000,1.836,1.929,1.81,1.926,235257.0,134698.0,100559.0,7320
1774029600000,1.926,1.964,1.871,1.898,176038.0,74319.0,101719.0,5382
1774030500000,1.899,1.907,1.848,1.864,82853.0,39791.0,43062.0,2537
1774031400000,1.866,1.873,1.83,1.867,114587.0,67587.0,47000.0,3445
1774032300000,1.868,1.892,1.86,1.876,99486.0,54059.0,45427.0,2864
1774033200000,1.877,1.908,1.858,1.88,61114.0,33383.0,27731.0,2054
1774034100000,1.88,1.886,1.848,1.867,34450.0,16393.0,18057.0,1098
1774035000000,1.868,1.868,1.833,1.855,54543.0,22897.0,31646.0,1616
1774035900000,1.855,1.86,1.824,1.849,88671.0,40528.0,48143.0,1998
1774036800000,1.85,2.076,1.847,2.063,521619.0,297416.0,224203.0,13464
1774037700000,2.063,2.095,1.965,1.991,363920.0,161414.0,202506.0,10325
1774038600000,1.992,2.038,1.991,2.031,79220.0,43738.0,35482.0,2630
1774039500000,2.03,2.136,2.025,2.112,350274.0,194640.0,155634.0,10332
1774040400000,2.114,2.121,2.07,2.08,95746.0,37984.0,57762.0,3435
1774041300000,2.08,2.088,2.039,2.049,60613.0,27961.0,32652.0,2263
1774042200000,2.05,2.079,2.048,2.055,51683.0,35465.0,16218.0,1910
1774043100000,2.055,2.092,2.043,2.046,47041.0,20480.0,26561.0,1886
1774044000000,2.049,2.071,2.041,2.066,30357.0,14162.0,16195.0,1251
1774044900000,2.065,2.08,2.054,2.054,18102.0,8540.0,9562.0,726
1774045800000,2.057,2.061,2.037,2.049,25629.0,12434.0,13195.0,948
1774046700000,2.049,2.058,2.045,2.052,24063.0,16958.0,7105.0,714
1774047600000,2.052,2.066,2.045,2.049,22900.0,13705.0,9195.0,867
1774048500000,2.049,2.055,2.04,2.045,18021.0,6559.0,11462.0,536
1774049400000,2.045,2.063,2.04,2.048,16155.0,10181.0,5974.0,636
1774050300000,2.05,2.06,2.044,2.048,15650.0,7874.0,7776.0,570
1774051200000,2.048,2.083,2.043,2.07,34338.0,17502.0,16836.0,1217
1774052100000,2.07,2.079,2.065,2.065,11881.0,6618.0,5263.0,481
1774053000000,2.065,2.065,2.046,2.049,14667.0,4749.0,9918.0,516
1774053900000,2.05,2.067,2.03,2.041,42519.0,15882.0,26637.0,1041
1774054800000,2.041,2.05,2.03,2.036,15305.0,7599.0,7706.0,629
1774055700000,2.037,2.064,2.035,2.051,50114.0,32654.0,17460.0,1253
1774056600000,2.051,2.054,2.041,2.049,12181.0,5201.0,6980.0,486
1774057500000,2.049,2.054,2.045,2.052,13664.0,9811.0,3853.0,359
1774058400000,2.053,2.082,2.014,2.051,114544.0,50960.0,63584.0,2320
1774059300000,2.051,2.063,2.046,2.056,14711.0,8155.0,6556.0,564
1774060200000,2.055,2.059,2.05,2.057,12885.0,9107.0,3778.0,455
1774061100000,2.058,2.065,2.05,2.052,15524.0,8310.0,7214.0,448
1774062000000,2.051,2.055,2.028,2.031,18726.0,7573.0,11153.0,754
1774062900000,2.029,2.037,2.016,2.033,22288.0,12623.0,9665.0,863
1774063800000,2.033,2.033,2.017,2.025,17511.0,9296.0,8215.0,584
1774064700000,2.024,2.031,2.008,2.013,25158.0,12388.0,12770.0,760
1774065600000,2.013,2.026,2.002,2.019,23343.0,13290.0,10053.0,889
1774066500000,2.019,2.034,2.007,2.026,24138.0,12599.0,11539.0,813
1774067400000,2.028,2.047,2.022,2.043,29307.0,19791.0,9516.0,918
1774068300000,2.043,2.047,2.013,2.036,49431.0,23470.0,25961.0,1354
1774069200000,2.036,2.063,2.034,2.051,40142.0,23758.0,16384.0,1248
1774070100000,2.049,2.056,2.046,2.051,17163.0,8641.0,8522.0,545
1774071000000,2.051,2.074,2.046,2.055,17234.0,9349.0,7885.0,607
1774071900000,2.056,2.069,2.054,2.06,16200.0,11101.0,5099.0,512
1774072800000,2.06,2.118,2.06,2.104,61713.0,40039.0,21674.0,1796
1774073700000,2.105,2.134,2.098,2.115,51953.0,29839.0,22114.0,1501
1774074600000,2.116,2.133,2.065,2.067,61923.0,28265.0,33658.0,1724
1774075500000,2.067,2.069,2.05,2.053,14394.0,8317.0,6077.0,529
1774076400000,2.054,2.079,2.048,2.067,22483.0,16132.0,6351.0,817
1774077300000,2.066,2.076,2.053,2.071,18814.0,12794.0,6020.0,656
1774078200000,2.072,2.081,2.065,2.067,10703.0,7263.0,3440.0,447
1774079100000,2.066,2.071,2.054,2.056,13332.0,7130.0,6202.0,479
1774080000000,2.056,2.069,2.048,2.052,15906.0,10514.0,5392.0,589
1774080900000,2.053,2.062,2.05,2.06,13302.0,9791.0,3511.0,437
1774081800000,2.059,2.067,2.058,2.063,10943.0,7725.0,3218.0,423
1774082700000,2.064,2.079,2.06,2.072,13870.0,10429.0,3441.0,451
1774083600000,2.072,2.094,2.071,2.084,15511.0,7291.0,8220.0,655
1774084500000,2.083,2.095,2.083,2.086,14217.0,7743.0,6474.0,453
1774085400000,2.087,2.094,2.068,2.078,35354.0,15342.0,20012.0,914
1774086300000,2.077,2.077,2.053,2.062,27382.0,13800.0,13582.0,787
1774087200000,2.062,2.074,2.06,2.073,13436.0,9903.0,3533.0,452
1774088100000,2.073,2.079,2.052,2.075,40155.0,24163.0,15992.0,1073
1774089000000,2.075,2.075,2.05,2.066,36823.0,15527.0,21296.0,914
1774089900000,2.064,2.069,2.014,2.028,62897.0,20502.0,42395.0,1594
1774090800000,2.028,2.033,1.903,1.944,417561.0,197178.0,220383.0,9744
1774091700000,1.945,1.998,1.922,1.986,141411.0,76370.0,65041.0,3311
1774092600000,1.99,1.997,1.964,1.977,82365.0,37591.0,44774.0,1987
1774093500000,1.978,1.997,1.978,1.988,41896.0,21303.0,20593.0,1136
1774094400000,1.987,2.03,1.975,1.995,113603.0,62476.0,51127.0,2579
1774095300000,1.995,2.0,1.987,1.996,19901.0,7069.0,12832.0,543
1774096200000,1.996,2.015,1.993,1.998,39791.0,20469.0,19322.0,1001
1774097100000,1.998,2.006,1.993,1.998,27456.0,6768.0,20688.0,630
1774098000000,1.998,2.013,1.998,2.0,18240.0,9121.0,9119.0,657
1774098900000,2.0,2.004,1.993,1.998,11535.0,5121.0,6414.0,331
1774099800000,1.999,2.0,1.975,1.978,38105.0,10490.0,27615.0,1040
1774100700000,1.978,1.989,1.978,1.981,21391.0,11810.0,9581.0,518
1774101600000,1.983,2.005,1.981,1.989,50041.0,24428.0,25613.0,1336
1774102500000,1.991,2.013,1.984,1.998,36973.0,18313.0,18660.0,1074
1774103400000,1.998,2.004,1.993,1.996,10517.0,4378.0,6139.0,398
1774104300000,1.996,2.002,1.992,2.001,14554.0,3126.0,11428.0,485
1774105200000,2.002,2.002,1.986,1.998,25623.0,9482.0,16141.0,580
1774106100000,1.998,2.023,1.996,2.013,48428.0,37394.0,11034.0,1157
1774107000000,2.013,2.013,1.99,1.994,32988.0,10633.0,22355.0,900
1774107900000,1.995,2.005,1.991,2.0,18738.0,5543.0,13195.0,571
1774108800000,2.001,2.073,1.999,2.016,129017.0,80328.0,48689.0,3082
1774109700000,2.016,2.02,1.997,2.011,37332.0,16071.0,21261.0,1112
1774110600000,2.009,2.025,2.006,2.025,18214.0,12036.0,6178.0,614
1774111500000,2.024,2.038,2.023,2.033,30751.0,17857.0,12894.0,1017
1774112400000,2.033,2.045,2.02,2.02,26665.0,12755.0,13910.0,681
1774113300000,2.021,2.025,2.012,2.023,12242.0,4805.0,7437.0,429
1774114200000,2.023,2.057,2.019,2.028,44075.0,29897.0,14178.0,1117
1774115100000,2.029,2.033,2.016,2.019,8761.0,5101.0,3660.0,383
1774116000000,2.018,2.019,2.005,2.01,13989.0,4893.0,9096.0,574
1774116900000,2.009,2.012,1.995,1.997,17534.0,5875.0,11659.0,471
1774117800000,1.998,2.005,1.998,2.003,6984.0,5073.0,1911.0,296
1774118700000,2.002,2.021,1.998,2.021,15709.0,12906.0,2803.0,465
1774119600000,2.019,2.05,2.017,2.048,41084.0,24734.0,16350.0,1524
1774120500000,2.05,2.06,2.025,2.035,36218.0,21415.0,14803.0,1219
1774121400000,2.035,2.061,2.026,2.045,47560.0,27086.0,20474.0,1355
1774122300000,2.045,2.052,2.015,2.039,53986.0,19942.0,34044.0,1551
1774123200000,2.04,2.048,2.031,2.041,15079.0,8225.0,6854.0,589
1774124100000,2.041,2.041,2.025,2.027,8270.0,3405.0,4865.0,358
1774125000000,2.027,2.029,2.022,2.025,5435.0,2630.0,2805.0,276
1774125900000,2.025,2.038,2.019,2.032,14500.0,8944.0,5556.0,486
1774126800000,2.032,2.041,2.023,2.031,34449.0,14674.0,19775.0,890
1774127700000,2.03,2.03,2.016,2.019,3689.0,1075.0,2614.0,247
1774128600000,2.018,2.021,1.995,2.006,12453.0,6899.0,5554.0,519
1774129500000,2.006,2.012,2.001,2.004,2881.0,1844.0,1037.0,192
1774130400000,2.003,2.018,1.999,2.013,10864.0,6548.0,4316.0,395
1774131300000,2.013,2.016,2.007,2.015,2918.0,1801.0,1117.0,187
1774132200000,2.015,2.016,1.998,2.002,11087.0,2041.0,9046.0,356
1774133100000,2.003,2.003,1.991,1.996,8647.0,2939.0,5708.0,311
1774134000000,1.996,2.003,1.996,1.999,8526.0,4733.0,3793.0,340
1774134900000,1.998,2.009,1.995,2.004,12443.0,9649.0,2794.0,303
1774135800000,2.003,2.006,2.0,2.003,3588.0,2519.0,1069.0,196
1774136700000,2.002,2.011,1.989,2.004,37032.0,14251.0,22781.0,824
1774137600000,2.003,2.022,1.995,2.017,32854.0,19720.0,13134.0,960
1774138500000,2.016,2.026,2.009,2.024,11119.0,5643.0,5476.0,373
1774139400000,2.022,2.025,2.017,2.024,8033.0,3846.0,4187.0,276
1774140300000,2.022,2.022,2.012,2.014,3423.0,1075.0,2348.0,174
1774141200000,2.014,2.017,2.006,2.007,5696.0,2451.0,3245.0,260
1774142100000,2.006,2.008,1.999,2.001,2679.0,1548.0,1131.0,193
1774143000000,2.001,2.008,1.999,2.001,3131.0,1778.0,1353.0,208
1774143900000,2.002,2.007,1.999,2.004,4980.0,3429.0,1551.0,194
1774144800000,2.004,2.011,1.999,1.999,5445.0,2627.0,2818.0,271
1774145700000,2.0,2.014,1.999,2.013,8246.0,6246.0,2000.0,238
1774146600000,2.014,2.015,2.004,2.005,7948.0,3271.0,4677.0,277
1774147500000,2.004,2.011,2.004,2.009,5560.0,3603.0,1957.0,237
1774148400000,2.008,2.015,2.007,2.011,6683.0,2108.0,4575.0,229
1774149300000,2.011,2.011,2.005,2.008,4864.0,1428.0,3436.0,255
1774150200000,2.008,2.015,2.005,2.006,3557.0,1435.0,2122.0,179
1774151100000,2.006,2.008,2.004,2.008,2605.0,1653.0,952.0,137
1774152000000,2.007,2.013,2.006,2.01,5794.0,3332.0,2462.0,254
1774152900000,2.009,2.024,2.009,2.023,5556.0,4025.0,1531.0,232
1774153800000,2.023,2.033,2.021,2.025,9253.0,4298.0,4955.0,395
1774154700000,2.025,2.032,2.022,2.031,3723.0,2409.0,1314.0,207
1774155600000,2.031,2.039,2.025,2.036,10378.0,7919.0,2459.0,385
1774156500000,2.036,2.042,2.033,2.039,8087.0,3722.0,4365.0,316
1774157400000,2.038,2.054,2.036,2.048,20751.0,10971.0,9780.0,604
1774158300000,2.049,2.058,2.038,2.04,18108.0,3744.0,14364.0,432
1774159200000,2.042,2.046,2.033,2.044,10415.0,6495.0,3920.0,395
1774160100000,2.044,2.044,2.034,2.036,3223.0,561.0,2662.0,211
1774161000000,2.036,2.045,2.033,2.035,6945.0,4632.0,2313.0,367
1774161900000,2.035,2.091,2.033,2.047,69458.0,42720.0,26738.0,1549
1774162800000,2.047,2.063,2.043,2.053,20606.0,12741.0,7865.0,653
1774163700000,2.052,2.063,2.046,2.054,19614.0,12829.0,6785.0,471
1774164600000,2.054,2.057,2.048,2.051,5769.0,4091.0,1678.0,255
1774165500000,2.052,2.054,2.04,2.045,6424.0,2691.0,3733.0,272
1774166400000,2.045,2.054,2.043,2.049,7170.0,4770.0,2400.0,292
1774167300000,2.048,2.055,2.047,2.049,5523.0,2629.0,2894.0,194
1774168200000,2.048,2.051,2.046,2.047,3122.0,1297.0,1825.0,176
1774169100000,2.047,2.052,2.04,2.045,8949.0,2024.0,6925.0,243
1774170000000,2.045,2.047,2.035,2.041,12501.0,6816.0,5685.0,388
1774170900000,2.041,2.043,2.031,2.035,4690.0,1181.0,3509.0,154
1774171800000,2.033,2.057,2.023,2.054,31758.0,21515.0,10243.0,668
1774172700000,2.054,2.073,2.052,2.056,21534.0,11189.0,10345.0,579
1774173600000,2.057,2.094,2.053,2.087,49584.0,27156.0,22428.0,1100
1774174500000,2.087,2.092,2.073,2.075,15796.0,6355.0,9441.0,407
1774175400000,2.076,2.081,2.06,2.065,19202.0,5708.0,13494.0,465
1774176300000,2.064,2.065,2.052,2.054,12709.0,4054.0,8655.0,406
1774177200000,2.055,2.059,2.05,2.058,9241.0,5763.0,3478.0,331
1774178100000,2.058,2.069,2.056,2.062,8415.0,7032.0,1383.0,294
1774179000000,2.063,2.08,2.063,2.078,9999.0,7043.0,2956.0,314
1774179900000,2.078,2.078,2.067,2.073,7103.0,2654.0,4449.0,284
1774180800000,2.074,2.082,2.065,2.067,9271.0,2925.0,6346.0,374
1774181700000,2.067,2.083,2.065,2.083,11507.0,9723.0,1784.0,327
1774182600000,2.082,2.1,2.071,2.072,24277.0,14833.0,9444.0,670
1774183500000,2.072,2.089,2.069,2.085,12179.0,7411.0,4768.0,447
1774184400000,2.086,2.092,2.081,2.086,9734.0,3947.0,5787.0,388
1774185300000,2.086,2.087,2.076,2.076,2792.0,1490.0,1302.0,173
1774186200000,2.076,2.104,2.075,2.096,28525.0,22381.0,6144.0,683
1774187100000,2.096,2.11,2.094,2.105,18005.0,10345.0,7660.0,671
1774188000000,2.105,2.109,2.091,2.097,6297.0,2640.0,3657.0,397
1774188900000,2.097,2.106,2.097,2.103,3451.0,2113.0,1338.0,217
1774189800000,2.102,2.11,2.084,2.087,10497.0,2864.0,7633.0,426
1774190700000,2.088,2.09,2.083,2.084,3760.0,1832.0,1928.0,278
1774191600000,2.084,2.09,2.079,2.084,7680.0,3038.0,4642.0,345
1774192500000,2.084,2.092,2.082,2.086,4604.0,2238.0,2366.0,259
1774193400000,2.085,2.09,2.082,2.089,7705.0,6093.0,1612.0,224
1774194300000,2.089,2.089,2.08,2.087,3205.0,692.0,2513.0,200
1774195200000,2.087,2.087,2.07,2.075,14597.0,3731.0,10866.0,446
1774196100000,2.075,2.087,2.069,2.079,12972.0,7030.0,5942.0,403
1774197000000,2.079,2.103,2.071,2.087,46151.0,24159.0,21992.0,1234
1774197900000,2.086,2.138,2.08,2.118,48175.0,34362.0,13813.0,1081
1774198800000,2.117,2.126,2.104,2.115,25156.0,10663.0,14493.0,805
1774199700000,2.115,2.143,2.072,2.092,99107.0,45018.0,54089.0,2381
1774200600000,2.093,2.093,2.076,2.083,18957.0,11940.0,7017.0,512
1774201500000,2.083,2.098,2.079,2.093,19659.0,16323.0,3336.0,589
1774202400000,2.093,2.116,2.082,2.109,25276.0,18954.0,6322.0,859
1774203300000,2.108,2.136,2.108,2.118,43660.0,28207.0,15453.0,1456
1774204200000,2.118,2.145,2.114,2.138,44245.0,33294.0,10951.0,1006
1774205100000,2.138,2.141,2.117,2.124,22537.0,10496.0,12041.0,848
1774206000000,2.125,2.133,2.116,2.122,15916.0,8637.0,7279.0,533
1774206900000,2.122,2.126,2.112,2.113,11489.0,7844.0,3645.0,426
1774207800000,2.112,2.122,2.111,2.114,6537.0,4493.0,2044.0,281
1774208700000,2.114,2.117,2.109,2.115,5602.0,2984.0,2618.0,246
1774209600000,2.114,2.133,2.108,2.129,19859.0,11704.0,8155.0,617
1774210500000,2.128,2.132,2.109,2.111,10279.0,2989.0,7290.0,361
1774211400000,2.11,2.115,2.096,2.1,20545.0,9504.0,11041.0,465
1774212300000,2.099,2.102,2.092,2.095,11345.0,6302.0,5043.0,301
1774213200000,2.094,2.098,2.078,2.088,18521.0,6005.0,12516.0,638
1774214100000,2.088,2.088,2.076,2.085,7563.0,5206.0,2357.0,262
1774215000000,2.086,2.094,2.082,2.09,4404.0,1836.0,2568.0,209
1774215900000,2.087,2.093,2.082,2.084,7062.0,2569.0,4493.0,238
1774216800000,2.086,2.095,2.08,2.087,6619.0,2559.0,4060.0,367
1774217700000,2.086,2.095,2.082,2.089,3050.0,2183.0,867.0,154
1774218600000,2.089,2.093,2.086,2.089,5558.0,3706.0,1852.0,206
1774219500000,2.089,2.095,2.088,2.092,2785.0,1727.0,1058.0,178
1774220400000,2.092,2.093,2.085,2.088,7729.0,4281.0,3448.0,402
1774221300000,2.088,2.092,2.082,2.087,7889.0,3226.0,4663.0,283
1774222200000,2.086,2.094,2.086,2.09,10185.0,4726.0,5459.0,266
1774223100000,2.09,2.096,2.086,2.09,8974.0,3486.0,5488.0,222
1774224000000,2.091,2.097,2.076,2.095,13327.0,6781.0,6546.0,534
1774224900000,2.095,2.096,2.089,2.092,4022.0,3209.0,813.0,203
1774225800000,2.09,2.096,2.09,2.091,2599.0,1906.0,693.0,187
1774226700000,2.091,2.112,2.091,2.109,13591.0,8863.0,4728.0,425
1774227600000,2.108,2.113,2.101,2.11,7062.0,3894.0,3168.0,285
1774228500000,2.11,2.117,2.109,2.11,9540.0,3378.0,6162.0,350
1774229400000,2.111,2.137,2.104,2.123,30230.0,20127.0,10103.0,761
1774230300000,2.121,2.121,2.108,2.11,5538.0,2639.0,2899.0,318
1774231200000,2.108,2.116,2.107,2.108,4476.0,1961.0,2515.0,259
1774232100000,2.108,2.124,2.106,2.113,9055.0,4051.0,5004.0,347
1774233000000,2.113,2.114,2.108,2.111,3336.0,1386.0,1950.0,149
1774233900000,2.109,2.112,2.107,2.111,2639.0,800.0,1839.0,163
1774234800000,2.111,2.116,2.101,2.106,32344.0,8678.0,23666.0,982
1774235700000,2.106,2.136,2.104,2.128,29624.0,13514.0,16110.0,906
1774236600000,2.128,2.131,2.113,2.114,9526.0,3314.0,6212.0,388
1774237500000,2.113,2.114,2.107,2.107,6769.0,3058.0,3711.0,287
1774238400000,2.106,2.129,2.102,2.111,22429.0,15161.0,7268.0,666
1774239300000,2.111,2.115,2.101,2.109,9012.0,2168.0,6844.0,322
1774240200000,2.109,2.111,2.106,2.11,2085.0,1419.0,666.0,100
1774241100000,2.111,2.116,2.108,2.109,3069.0,1688.0,1381.0,182
1774242000000,2.109,2.116,2.108,2.111,4401.0,2440.0,1961.0,261
1774242900000,2.11,2.115,2.106,2.11,3993.0,1490.0,2503.0,190
1774243800000,2.11,2.119,2.093,2.1,13753.0,6231.0,7522.0,378
1774244700000,2.1,2.109,2.098,2.101,10468.0,5051.0,5417.0,342
1774245600000,2.101,2.116,2.1,2.11,7246.0,5043.0,2203.0,257
1774246500000,2.11,2.123,2.107,2.113,11274.0,6155.0,5119.0,374
1774247400000,2.112,2.113,2.101,2.108,7773.0,4157.0,3616.0,265
1774248300000,2.108,2.112,2.1,2.104,8893.0,3345.0,5548.0,288
1774249200000,2.103,2.106,2.087,2.09,16951.0,4079.0,12872.0,512
1774250100000,2.091,2.108,2.091,2.106,11624.0,7286.0,4338.0,429
1774251000000,2.106,2.118,2.099,2.112,11930.0,4864.0,7066.0,461
1774251900000,2.113,2.118,2.102,2.112,12582.0,6017.0,6565.0,404
1774252800000,2.112,2.128,2.111,2.126,17058.0,9622.0,7436.0,500
1774253700000,2.126,2.136,2.115,2.13,18720.0,10861.0,7859.0,584
1774254600000,2.129,2.136,2.122,2.126,19628.0,11497.0,8131.0,547
1774255500000,2.126,2.142,2.125,2.133,41057.0,30486.0,10571.0,813
1774256400000,2.133,2.14,2.125,2.131,27215.0,13177.0,14038.0,735
1774257300000,2.133,2.136,2.128,2.131,17603.0,10341.0,7262.0,464
1774258200000,2.13,2.13,2.114,2.125,35385.0,17215.0,18170.0,819
1774259100000,2.124,2.126,2.116,2.119,14726.0,10445.0,4281.0,427
1774260000000,2.118,2.128,2.117,2.125,14466.0,11633.0,2833.0,392
1774260900000,2.124,2.129,2.117,2.124,14317.0,9840.0,4477.0,377
1774261800000,2.123,2.14,2.105,2.116,94747.0,48069.0,46678.0,1728
1774262700000,2.118,2.119,2.106,2.11,20365.0,11519.0,8846.0,529
1774263600000,2.11,2.13,2.102,2.106,56863.0,26539.0,30324.0,1255
1774264500000,2.106,2.129,2.105,2.129,47345.0,28515.0,18830.0,891
1774265400000,2.129,2.137,2.11,2.113,37094.0,20062.0,17032.0,634
1774266300000,2.111,2.122,2.11,2.118,24873.0,17704.0,7169.0,587
1774267200000,2.117,2.122,2.108,2.109,26602.0,17935.0,8667.0,620
1774268100000,2.11,2.116,2.108,2.113,18528.0,14106.0,4422.0,571
1774269000000,2.113,2.124,2.111,2.124,12358.0,8793.0,3565.0,372
1774269900000,2.122,2.136,2.095,2.11,67575.0,26670.0,40905.0,1472
1774270800000,2.112,2.124,2.101,2.123,46067.0,23667.0,22400.0,1027
1774271700000,2.123,2.132,2.122,2.128,16705.0,12960.0,3745.0,511
1774272600000,2.129,2.132,2.119,2.127,17551.0,8846.0,8705.0,488
1774273500000,2.127,2.129,2.107,2.111,31271.0,17960.0,13311.0,752
1774274400000,2.111,2.117,2.105,2.116,19496.0,13404.0,6092.0,570
1774275300000,2.115,2.117,2.102,2.102,17095.0,8253.0,8842.0,514
1774276200000,2.102,2.104,2.052,2.076,64068.0,23650.0,40418.0,1310
1774277100000,2.077,2.095,2.071,2.083,28686.0,16694.0,11992.0,637
1774278000000,2.085,2.087,2.056,2.063,11421.0,5166.0,6255.0,378
1774278900000,2.064,2.065,2.054,2.059,7987.0,3322.0,4665.0,296
1774279800000,2.059,2.062,2.019,2.06,57713.0,23595.0,34118.0,1151
1774280700000,2.059,2.082,2.059,2.062,16767.0,9138.0,7629.0,553
1774281600000,2.063,2.085,2.061,2.085,13639.0,7733.0,5906.0,445
1774282500000,2.083,2.102,2.081,2.102,15039.0,7488.0,7551.0,464
1774283400000,2.101,2.12,2.078,2.113,76424.0,38935.0,37489.0,2031
1774284300000,2.113,2.125,2.104,2.108,14438.0,8020.0,6418.0,468
1774285200000,2.108,2.11,2.089,2.105,11252.0,5234.0,6018.0,489
1774286100000,2.104,2.112,2.098,2.111,6453.0,3992.0,2461.0,248
1774287000000,2.111,2.114,2.105,2.113,6667.0,4109.0,2558.0,267
1774287900000,2.112,2.118,2.103,2.11,10252.0,5914.0,4338.0,328
1774288800000,2.11,2.115,2.108,2.111,10871.0,7184.0,3687.0,322
1774289700000,2.11,2.113,2.106,2.108,5171.0,4036.0,1135.0,206
1774290600000,2.108,2.112,2.099,2.104,8379.0,4638.0,3741.0,240
1774291500000,2.104,2.113,2.104,2.111,6743.0,3823.0,2920.0,208
1774292400000,2.109,2.112,2.104,2.11,5005.0,2840.0,2165.0,225
1774293300000,2.11,2.11,2.084,2.098,29755.0,12184.0,17571.0,696
1774294200000,2.096,2.111,2.09,2.099,12223.0,6226.0,5997.0,358
1774295100000,2.099,2.106,2.091,2.097,8068.0,4292.0,3776.0,366
1774296000000,2.096,2.101,2.093,2.095,3952.0,2646.0,1306.0,191
1774296900000,2.095,2.096,2.078,2.081,6022.0,2360.0,3662.0,210
1774297800000,2.081,2.082,2.078,2.079,1022.0,411.0,611.0,74
1774298700000,2.078,2.08,2.077,2.08,854.0,393.0,461.0,89
1774299600000,2.078,2.088,2.076,2.086,5445.0,2933.0,2512.0,204
1774300500000,2.085,2.085,2.081,2.084,999.0,519.0,480.0,101
1774301400000,2.082,2.084,2.074,2.075,1977.0,374.0,1603.0,105
1774302300000,2.075,2.079,2.068,2.078,5190.0,4447.0,743.0,143
1774303200000,2.075,2.077,2.064,2.071,6341.0,2070.0,4271.0,240
1774304100000,2.07,2.072,2.067,2.067,1753.0,799.0,954.0,107
1774305000000,2.068,2.073,2.065,2.068,1986.0,1402.0,584.0,123
1774305900000,2.068,2.069,2.061,2.064,1522.0,693.0,829.0,112
1774306800000,2.062,2.064,2.051,2.056,7147.0,2398.0,4749.0,247
1774307700000,2.056,2.068,2.055,2.065,5479.0,2680.0,2799.0,227
1774308600000,2.065,2.08,2.065,2.076,4239.0,2330.0,1909.0,163
1774309500000,2.076,2.093,2.076,2.09,10595.0,6135.0,4460.0,328
1774310400000,2.091,2.094,2.072,2.083,11765.0,4004.0,7761.0,353
1774311300000,2.081,2.083,2.066,2.081,13913.0,9669.0,4244.0,337
1774312200000,2.08,2.08,2.069,2.075,3884.0,1799.0,2085.0,159
1774313100000,2.073,2.083,2.073,2.08,2989.0,1467.0,1522.0,126
1774314000000,2.081,2.081,2.069,2.076,6612.0,3764.0,2848.0,260
1774314900000,2.075,2.081,2.071,2.081,3311.0,1767.0,1544.0,180
1774315800000,2.079,2.081,2.075,2.077,2322.0,1108.0,1214.0,122
1774316700000,2.077,2.085,2.07,2.072,5002.0,3066.0,1936.0,210
1774317600000,2.073,2.079,2.068,2.078,6339.0,5059.0,1280.0,232
1774318500000,2.079,2.091,2.076,2.081,8302.0,4998.0,3304.0,230
1774319400000,2.081,2.085,2.072,2.076,8305.0,5037.0,3268.0,235
1774320300000,2.076,2.08,2.069,2.08,5740.0,3271.0,2469.0,232
1774321200000,2.078,2.079,2.066,2.069,4377.0,762.0,3615.0,173
1774322100000,2.069,2.071,2.066,2.068,1906.0,1026.0,880.0,151
1774323000000,2.068,2.072,2.065,2.07,3145.0,1861.0,1284.0,181
1774323900000,2.069,2.071,2.063,2.064,1634.0,1104.0,530.0,158
1774324800000,2.064,2.065,2.052,2.058,7183.0,2896.0,4287.0,292
1774325700000,2.059,2.06,2.046,2.049,11496.0,2800.0,8696.0,357
1774326600000,2.049,2.069,2.047,2.067,9289.0,5831.0,3458.0,380
1774327500000,2.067,2.072,2.058,2.07,8075.0,3473.0,4602.0,267
1774328400000,2.071,2.071,2.059,2.064,7029.0,2743.0,4286.0,295
1774329300000,2.062,2.063,2.059,2.06,2014.0,1224.0,790.0,140
1774330200000,2.059,2.06,2.054,2.055,1924.0,611.0,1313.0,119
1774331100000,2.055,2.056,2.048,2.055,5811.0,2602.0,3209.0,235
1774332000000,2.053,2.056,2.048,2.051,3247.0,1697.0,1550.0,177
1774332900000,2.051,2.052,2.049,2.05,1608.0,899.0,709.0,121
1774333800000,2.05,2.054,2.046,2.051,7770.0,3266.0,4504.0,249
1774334700000,2.051,2.058,2.014,2.033,46206.0,14673.0,31533.0,892
1774335600000,2.034,2.051,2.016,2.05,23599.0,12143.0,11456.0,662
1774336500000,2.049,2.061,2.045,2.052,12755.0,6010.0,6745.0,443
1774337400000,2.051,2.057,2.048,2.051,8629.0,5338.0,3291.0,289
1774338300000,2.05,2.055,2.045,2.051,8179.0,3535.0,4644.0,312
1774339200000,2.051,2.062,2.045,2.046,15508.0,9900.0,5608.0,485
1774340100000,2.045,2.063,2.044,2.052,14128.0,7046.0,7082.0,354
1774341000000,2.051,2.058,2.04,2.053,14127.0,7961.0,6166.0,420
1774341900000,2.052,2.06,2.05,2.054,2071.0,1051.0,1020.0,179
1774342800000,2.054,2.058,2.048,2.052,6615.0,2411.0,4204.0,325
1774343700000,2.052,2.052,2.034,2.04,23835.0,6180.0,17655.0,577
1774344600000,2.04,2.061,2.038,2.051,16760.0,13881.0,2879.0,420
1774345500000,2.051,2.053,2.045,2.052,5320.0,1872.0,3448.0,157
1774346400000,2.051,2.054,2.049,2.052,2220.0,1505.0,715.0,162
1774347300000,2.053,2.053,2.045,2.05,4209.0,709.0,3500.0,169
1774348200000,2.05,2.057,2.05,2.051,4898.0,3429.0,1469.0,211
1774349100000,2.051,2.051,2.038,2.042,8253.0,2015.0,6238.0,298
1774350000000,2.042,2.057,2.04,2.053,7670.0,3474.0,4196.0,277
1774350900000,2.052,2.056,2.051,2.055,4203.0,2234.0,1969.0,173
1774351800000,2.055,2.055,2.046,2.05,2421.0,989.0,1432.0,123
1774352700000,2.05,2.055,2.048,2.05,3240.0,1241.0,1999.0,129
1774353600000,2.05,2.052,2.044,2.05,5665.0,2193.0,3472.0,170
1774354500000,2.05,2.053,2.049,2.052,1945.0,1213.0,732.0,150
1774355400000,2.052,2.057,2.049,2.056,3608.0,1757.0,1851.0,190
1774356300000,2.055,2.064,2.055,2.061,2604.0,2190.0,414.0,104
1774357200000,2.062,2.062,2.048,2.05,5206.0,1651.0,3555.0,215
1774358100000,2.05,2.053,2.05,2.05,1236.0,476.0,760.0,94
1774359000000,2.05,2.055,2.048,2.051,3304.0,1380.0,1924.0,140
1774359900000,2.051,2.052,2.047,2.051,1478.0,958.0,520.0,82
1774360800000,2.05,2.052,2.049,2.051,2056.0,812.0,1244.0,104
1774361700000,2.052,2.056,2.05,2.05,3799.0,2431.0,1368.0,202
1774362600000,2.05,2.052,2.029,2.035,11452.0,2796.0,8656.0,337
1774363500000,2.035,2.047,2.03,2.046,22183.0,11198.0,10985.0,444
1774364400000,2.046,2.05,2.042,2.048,3961.0,3179.0,782.0,175
1774365300000,2.047,2.082,2.046,2.075,18728.0,11113.0,7615.0,653
1774366200000,2.074,2.107,2.071,2.098,41793.0,21525.0,20268.0,873
1774367100000,2.098,2.125,2.096,2.116,24854.0,12406.0,12448.0,573
1774368000000,2.117,2.15,2.116,2.15,450373.0,290672.0,159701.0,4683
1774368900000,2.148,2.163,1.954,1.958,1613338.0,920488.0,692850.0,13556
1774369800000,1.964,2.166,1.802,2.106,1918850.0,975993.0,942857.0,27139
1774370700000,2.107,2.175,2.029,2.158,438387.0,219104.0,219283.0,10388
1774371600000,2.158,2.194,2.105,2.133,507240.0,249524.0,257716.0,12603
1774372500000,2.134,2.145,2.092,2.127,84651.0,37671.0,46980.0,2341
1774373400000,2.127,2.165,2.109,2.16,94852.0,53022.0,41830.0,2166
1774374300000,2.159,2.16,2.1,2.125,64936.0,18372.0,46564.0,1893
1774375200000,2.125,2.153,2.11,2.147,39421.0,17920.0,21501.0,1205
1774376100000,2.149,2.196,2.143,2.196,108433.0,82249.0,26184.0,2041
1774377000000,2.196,2.2,2.17,2.191,351163.0,219509.0,131654.0,6915
1774377900000,2.192,2.2,2.173,2.196,131019.0,80883.0,50136.0,2716
1774378800000,2.197,2.277,2.115,2.161,1036658.0,661279.0,375379.0,19622
1774379700000,2.164,2.2,2.096,2.151,334891.0,168967.0,165924.0,11696
1774380600000,2.151,2.28,2.138,2.28,295824.0,171837.0,123987.0,9162
1774381500000,2.277,2.327,2.267,2.322,317140.0,186036.0,131104.0,8290
1774382400000,2.318,2.375,2.235,2.252,512327.0,237775.0,274552.0,14117
1774383300000,2.253,2.275,2.224,2.239,163840.0,79228.0,84612.0,5149
1774384200000,2.24,2.274,2.196,2.216,121848.0,61858.0,59990.0,4219
1774385100000,2.216,2.269,2.173,2.195,269920.0,132888.0,137032.0,6596
1774386000000,2.193,2.201,2.168,2.184,80582.0,36111.0,44471.0,2666
1774386900000,2.185,2.193,2.17,2.182,31724.0,14038.0,17686.0,1465
1774387800000,2.179,2.197,2.17,2.179,38976.0,16496.0,22480.0,1256
1774388700000,2.177,2.197,2.155,2.193,34688.0,16313.0,18375.0,1255
1774389600000,2.193,2.202,2.17,2.177,75735.0,38906.0,36829.0,2898
1774390500000,2.176,2.185,2.17,2.175,51754.0,28482.0,23272.0,2069
1774391400000,2.175,2.224,2.174,2.201,115153.0,57933.0,57220.0,3832
1774392300000,2.201,2.21,2.156,2.163,40245.0,16908.0,23337.0,1395
1774393200000,2.164,2.185,2.158,2.167,55373.0,24566.0,30807.0,1448
1774394100000,2.166,2.177,2.156,2.17,28954.0,15273.0,13681.0,887
1774395000000,2.17,2.177,2.165,2.169,13836.0,5951.0,7885.0,560
1774395900000,2.168,2.176,2.143,2.151,48000.0,12946.0,35054.0,1277
1774396800000,2.154,2.169,2.121,2.164,66117.0,32656.0,33461.0,2030
1774397700000,2.163,2.167,2.145,2.151,20386.0,7694.0,12692.0,763
1774398600000,2.151,2.152,2.123,2.123,18379.0,6290.0,12089.0,696
1774399500000,2.125,2.129,2.104,2.118,33990.0,12971.0,21019.0,1248
1774400400000,2.117,2.147,2.101,2.138,47646.0,24939.0,22707.0,1447
1774401300000,2.136,2.161,2.133,2.138,31573.0,15311.0,16262.0,897
1774402200000,2.137,2.138,2.112,2.114,27661.0,7064.0,20597.0,774
1774403100000,2.115,2.118,2.103,2.109,24358.0,16989.0,7369.0,683
1774404000000,2.11,2.114,2.072,2.087,100037.0,46820.0,53217.0,2375
1774404900000,2.086,2.088,2.06,2.067,47225.0,17985.0,29240.0,1027
1774405800000,2.068,2.071,2.017,2.032,97223.0,34847.0,62376.0,2548
1774406700000,2.032,2.048,2.015,2.029,63492.0,28131.0,35361.0,1749
1774407600000,2.029,2.034,2.013,2.026,42231.0,24638.0,17593.0,1151
1774408500000,2.025,2.034,2.02,2.031,15723.0,6962.0,8761.0,570
1774409400000,2.03,2.052,2.028,2.052,33457.0,19955.0,13502.0,856
1774410300000,2.05,2.088,2.049,2.086,26928.0,18475.0,8453.0,1037
1774411200000,2.088,2.095,2.061,2.078,29514.0,12535.0,16979.0,1177
1774412100000,2.078,2.112,2.076,2.092,57561.0,31535.0,26026.0,2003
1774413000000,2.092,2.114,2.077,2.097,33943.0,14198.0,19745.0,1227
1774413900000,2.097,2.097,2.075,2.089,13247.0,6963.0,6284.0,579
1774414800000,2.087,2.103,2.084,2.102,16560.0,9384.0,7176.0,741
1774415700000,2.103,2.118,2.101,2.106,13036.0,7780.0,5256.0,620
1774416600000,2.107,2.111,2.099,2.105,9591.0,5218.0,4373.0,484
1774417500000,2.106,2.116,2.101,2.102,9887.0,7383.0,2504.0,270
1774418400000,2.102,2.104,2.093,2.094,5134.0,2076.0,3058.0,296
1774419300000,2.094,2.102,2.087,2.091,11729.0,3460.0,8269.0,456
1774420200000,2.09,2.149,2.087,2.143,77353.0,47252.0,30101.0,1964
1774421100000,2.142,2.161,2.129,2.139,34053.0,14637.0,19416.0,1101
1774422000000,2.139,2.158,2.114,2.132,39243.0,17542.0,21701.0,1154
1774422900000,2.134,2.134,2.109,2.119,31454.0,15780.0,15674.0,692
1774423800000,2.117,2.125,2.109,2.119,11666.0,4596.0,7070.0,571
1774424700000,2.118,2.142,2.118,2.142,20792.0,14285.0,6507.0,624
1774425600000,2.141,2.171,2.139,2.171,22628.0,14375.0,8253.0,819
1774426500000,2.171,2.194,2.17,2.185,44998.0,20396.0,24602.0,1312
1774427400000,2.186,2.2,2.169,2.185,59219.0,24728.0,34491.0,1756
1774428300000,2.182,2.201,2.174,2.197,51729.0,18577.0,33152.0,1224
1774429200000,2.198,2.212,2.164,2.179,55668.0,24615.0,31053.0,1521
1774430100000,2.177,2.188,2.166,2.172,24008.0,14446.0,9562.0,889
1774431000000,2.173,2.176,2.151,2.173,31733.0,11961.0,19772.0,1079
1774431900000,2.173,2.182,2.162,2.181,19553.0,9625.0,9928.0,714
1774432800000,2.179,2.184,2.156,2.182,27294.0,14834.0,12460.0,896
1774433700000,2.181,2.185,2.169,2.181,18557.0,9193.0,9364.0,601
1774434600000,2.181,2.186,2.175,2.179,13904.0,8450.0,5454.0,513
1774435500000,2.177,2.192,2.176,2.177,21380.0,15071.0,6309.0,586
1774436400000,2.176,2.194,2.17,2.191,14613.0,8337.0,6276.0,610
1774437300000,2.188,2.2,2.143,2.172,85164.0,37387.0,47777.0,2495
1774438200000,2.17,2.178,2.094,2.134,84717.0,30266.0,54451.0,2480
1774439100000,2.133,2.189,2.09,2.139,292333.0,137956.0,154377.0,6238
1774440000000,2.141,2.193,2.138,2.191,156385.0,92079.0,64306.0,3127
1774440900000,2.188,2.236,2.179,2.182,111106.0,60870.0,50236.0,2533
1774441800000,2.182,2.229,2.18,2.213,168021.0,64044.0,103977.0,4608
1774442700000,2.213,2.242,2.203,2.241,46034.0,28173.0,17861.0,1417
1774443600000,2.241,2.289,2.239,2.28,105145.0,66209.0,38936.0,2871
1774444500000,2.28,2.3,2.264,2.3,126881.0,74972.0,51909.0,3227
1774445400000,2.298,2.325,2.249,2.316,164284.0,93687.0,70597.0,3853
1774446300000,2.316,2.362,2.295,2.348,197836.0,102944.0,94892.0,4716
1774447200000,2.35,2.36,2.322,2.348,157007.0,77524.0,79483.0,4590
1774448100000,2.348,2.361,2.323,2.351,201843.0,101727.0,100116.0,5603
1774449000000,2.35,2.36,2.34,2.351,172985.0,93705.0,79280.0,4358
1774449900000,2.354,2.379,2.336,2.354,180807.0,92209.0,88598.0,5181
1774450800000,2.353,2.365,2.336,2.341,164859.0,74957.0,89902.0,4431
1774451700000,2.341,2.349,2.314,2.324,112636.0,51429.0,61207.0,3300
1774452600000,2.324,2.344,2.322,2.337,49225.0,25725.0,23500.0,1470
1774453500000,2.336,2.339,2.305,2.308,82712.0,35725.0,46987.0,2418
1774454400000,2.307,2.333,2.304,2.318,54577.0,28469.0,26108.0,1725
1774455300000,2.317,2.323,2.294,2.297,56706.0,27859.0,28847.0,1832
1774456200000,2.298,2.349,2.293,2.348,137184.0,79036.0,58148.0,4084
1774457100000,2.346,2.482,2.334,2.351,619235.0,335733.0,283502.0,14555
1774458000000,2.348,2.356,2.215,2.261,343356.0,162059.0,181297.0,8532
1774458900000,2.26,2.312,2.234,2.309,142827.0,67603.0,75224.0,3794
1774459800000,2.31,2.33,2.228,2.23,92176.0,31687.0,60489.0,3352
1774460700000,2.228,2.255,2.212,2.233,145033.0,59310.0,85723.0,3899
1774461600000,2.234,2.243,2.166,2.175,184504.0,76217.0,108287.0,5403
1774462500000,2.172,2.231,2.094,2.134,201865.0,89865.0,112000.0,5186
1774463400000,2.135,2.194,2.051,2.136,432343.0,204266.0,228077.0,9797
1774464300000,2.138,2.164,2.105,2.122,128990.0,49957.0,79033.0,3480
1774465200000,2.124,2.148,2.101,2.122,90494.0,34316.0,56178.0,2375
1774466100000,2.126,2.129,2.105,2.109,20597.0,8741.0,11856.0,985
1774467000000,2.109,2.112,2.053,2.074,64389.0,25111.0,39278.0,2215
1774467900000,2.074,2.082,2.057,2.06,43156.0,13670.0,29486.0,1319
1774468800000,2.061,2.09,2.057,2.077,53535.0,21984.0,31551.0,1549
1774469700000,2.077,2.112,2.067,2.111,40892.0,23549.0,17343.0,1166
1774470600000,2.111,2.156,2.102,2.155,45701.0,28960.0,16741.0,1361
1774471500000,2.156,2.185,2.148,2.171,42782.0,21011.0,21771.0,1685
1774472400000,2.173,2.201,2.171,2.198,32675.0,18214.0,14461.0,1286
1774473300000,2.199,2.239,2.167,2.194,74825.0,38139.0,36686.0,2555
1774474200000,2.192,2.228,2.17,2.214,36735.0,19222.0,17513.0,1349
1774475100000,2.214,2.258,2.209,2.25,42346.0,22013.0,20333.0,1364
1774476000000,2.253,2.287,2.141,2.155,180760.0,64895.0,115865.0,4161
1774476900000,2.156,2.21,2.11,2.207,107529.0,55547.0,51982.0,2936
1774477800000,2.209,2.217,2.183,2.2,45587.0,26032.0,19555.0,1258
1774478700000,2.199,2.201,2.179,2.201,21097.0,11375.0,9722.0,717
1774479600000,2.199,2.219,2.195,2.213,21106.0,15518.0,5588.0,650
1774480500000,2.216,2.24,2.207,2.222,47452.0,25094.0,22358.0,1128
1774481400000,2.221,2.244,2.216,2.238,24997.0,14808.0,10189.0,778
1774482300000,2.235,2.266,2.235,2.26,27605.0,19412.0,8193.0,947
1774483200000,2.261,2.272,2.235,2.248,31194.0,15000.0,16194.0,1160
1774484100000,2.247,2.264,2.247,2.258,21127.0,12908.0,8219.0,650
1774485000000,2.259,2.259,2.231,2.244,15320.0,7998.0,7322.0,632
1774485900000,2.243,2.26,2.243,2.248,12477.0,7196.0,5281.0,463
1774486800000,2.248,2.251,2.231,2.243,15849.0,7412.0,8437.0,653
1774487700000,2.244,2.265,2.239,2.26,10717.0,6459.0,4258.0,466
1774488600000,2.259,2.261,2.222,2.238,15613.0,5911.0,9702.0,597
1774489500000,2.238,2.248,2.229,2.231,10761.0,5632.0,5129.0,442
1774490400000,2.229,2.232,2.196,2.219,38375.0,9763.0,28612.0,996
1774491300000,2.219,2.231,2.216,2.224,10370.0,5074.0,5296.0,480
1774492200000,2.224,2.224,2.206,2.209,12911.0,3518.0,9393.0,480
1774493100000,2.209,2.216,2.198,2.2,11782.0,4600.0,7182.0,506
1774494000000,2.198,2.225,2.197,2.225,16081.0,9676.0,6405.0,570
1774494900000,2.223,2.256,2.219,2.255,60100.0,31535.0,28565.0,1173
1774495800000,2.253,2.264,2.228,2.231,21273.0,7887.0,13386.0,704
1774496700000,2.23,2.239,2.226,2.231,8514.0,4220.0,4294.0,424
1774497600000,2.232,2.234,2.215,2.223,11515.0,5730.0,5785.0,500
1774498500000,2.222,2.234,2.216,2.223,11090.0,4944.0,6146.0,476
1774499400000,2.222,2.223,2.181,2.193,24358.0,8950.0,15408.0,876
1774500300000,2.192,2.201,2.176,2.184,25080.0,12357.0,12723.0,940
1774501200000,2.185,2.187,2.158,2.178,25034.0,11166.0,13868.0,961
1774502100000,2.18,2.197,2.177,2.179,22809.0,5697.0,17112.0,670
1774503000000,2.178,2.183,2.151,2.156,15297.0,4935.0,10362.0,700
1774503900000,2.156,2.159,2.144,2.151,21848.0,8528.0,13320.0,655
1774504800000,2.15,2.151,2.123,2.142,36410.0,15324.0,21086.0,1085
1774505700000,2.139,2.145,2.122,2.126,20007.0,6188.0,13819.0,740
1774506600000,2.123,2.126,2.098,2.105,57285.0,13924.0,43361.0,1327
1774507500000,2.107,2.107,2.086,2.098,37454.0,10133.0,27321.0,1053
1774508400000,2.099,2.099,2.083,2.084,25937.0,10411.0,15526.0,910
1774509300000,2.087,2.111,2.071,2.108,48363.0,25065.0,23298.0,1276
1774510200000,2.107,2.175,2.107,2.147,60294.0,41492.0,18802.0,1818
1774511100000,2.147,2.149,2.06,2.096,391005.0,183309.0,207696.0,7265
1774512000000,2.096,2.163,2.086,2.131,504920.0,237206.0,267714.0,14626
1774512900000,2.131,2.196,2.127,2.188,138555.0,75154.0,63401.0,4325
1774513800000,2.189,2.256,2.175,2.254,134643.0,77117.0,57526.0,4275
1774514700000,2.254,2.343,2.247,2.315,284335.0,147623.0,136712.0,8527
1774515600000,2.315,2.339,2.235,2.334,218603.0,107052.0,111551.0,6735
1774516500000,2.334,2.347,2.308,2.343,129951.0,67978.0,61973.0,3951
1774517400000,2.343,2.369,2.318,2.364,125378.0,74726.0,50652.0,3894
1774518300000,2.362,2.382,2.335,2.371,186803.0,96577.0,90226.0,4985
1774519200000,2.37,2.407,2.355,2.377,161628.0,85741.0,75887.0,4880
1774520100000,2.376,2.387,2.331,2.385,148803.0,74888.0,73915.0,4455
1774521000000,2.382,2.418,2.375,2.412,147178.0,83717.0,63461.0,4108
1774521900000,2.41,2.428,2.396,2.408,118075.0,56954.0,61121.0,3297
1774522800000,2.408,2.42,2.377,2.399,166440.0,78226.0,88214.0,4305
1774523700000,2.399,2.46,2.39,2.45,177050.0,109663.0,67387.0,4996
1774524600000,2.45,2.466,2.429,2.447,236428.0,119619.0,116809.0,6124
1774525500000,2.445,2.456,2.424,2.433,127913.0,58725.0,69188.0,2994
1774526400000,2.431,2.445,2.407,2.423,159848.0,80886.0,78962.0,4085
1774527300000,2.422,2.438,2.361,2.433,253597.0,125027.0,128570.0,5457
1774528200000,2.43,2.432,2.402,2.413,105361.0,48091.0,57270.0,2927
1774529100000,2.411,2.426,2.403,2.42,65105.0,35851.0,29254.0,1907
1774530000000,2.418,2.452,2.396,2.4,104611.0,55412.0,49199.0,2917
1774530900000,2.4,2.418,2.392,2.411,59912.0,31891.0,28021.0,1667
1774531800000,2.411,2.439,2.398,2.428,73823.0,44289.0,29534.0,2026
1774532700000,2.43,2.456,2.406,2.453,85634.0,53367.0,32267.0,2122
1774533600000,2.452,2.469,2.413,2.429,108426.0,48251.0,60175.0,2991
1774534500000,2.429,2.459,2.425,2.438,67905.0,35411.0,32494.0,1773
1774535400000,2.44,2.477,2.439,2.461,183780.0,93940.0,89840.0,4029
1774536300000,2.459,2.473,2.453,2.463,77167.0,34372.0,42795.0,1685
1774537200000,2.464,2.499,2.454,2.499,137301.0,84744.0,52557.0,3269
1774538100000,2.498,2.518,2.466,2.481,216746.0,112719.0,104027.0,4531
1774539000000,2.479,2.52,2.475,2.5,93962.0,54841.0,39121.0,2437
1774539900000,2.5,2.516,2.48,2.498,119408.0,55077.0,64331.0,3105
1774540800000,2.498,2.539,2.495,2.512,133041.0,68620.0,64421.0,3649
1774541700000,2.512,2.549,2.51,2.541,124541.0,71510.0,53031.0,3226
1774542600000,2.544,2.617,2.537,2.591,341975.0,201195.0,140780.0,6835
1774543500000,2.591,2.642,2.482,2.535,505605.0,245933.0,259672.0,11200
1774544400000,2.536,2.556,2.512,2.519,124007.0,53978.0,70029.0,3674
1774545300000,2.516,2.533,2.462,2.467,188169.0,84021.0,104148.0,4467
1774546200000,2.468,2.58,2.447,2.526,262884.0,146696.0,116188.0,5695
1774547100000,2.524,2.554,2.511,2.534,63376.0,37274.0,26102.0,2155
1774548000000,2.534,2.535,2.482,2.511,73176.0,29718.0,43458.0,2456
1774548900000,2.513,2.548,2.485,2.533,109274.0,63888.0,45386.0,2972
1774549800000,2.533,2.578,2.516,2.546,129384.0,63424.0,65960.0,3875
1774550700000,2.546,2.558,2.517,2.538,73936.0,36496.0,37440.0,2420
1774551600000,2.538,2.538,2.496,2.515,69201.0,32556.0,36645.0,2327
1774552500000,2.516,2.557,2.515,2.539,63221.0,30932.0,32289.0,2125
1774553400000,2.539,2.559,2.527,2.534,61286.0,26638.0,34648.0,1958
1774554300000,2.534,2.553,2.529,2.542,53201.0,31970.0,21231.0,1542
1774555200000,2.543,2.567,2.53,2.537,85514.0,44010.0,41504.0,2852
1774556100000,2.535,2.538,2.507,2.519,88752.0,46696.0,42056.0,2600
1774557000000,2.52,2.564,2.517,2.54,80059.0,43499.0,36560.0,2670
1774557900000,2.542,2.554,2.529,2.54,49047.0,23715.0,25332.0,1416
1774558800000,2.54,2.555,2.531,2.543,33529.0,17371.0,16158.0,1383
1774559700000,2.544,2.561,2.543,2.551,34468.0,14756.0,19712.0,1316
1774560600000,2.554,2.56,2.546,2.558,20113.0,13914.0,6199.0,721
1774561500000,2.558,2.558,2.53,2.534,34599.0,16547.0,18052.0,1103
1774562400000,2.537,2.549,2.503,2.51,54885.0,24712.0,30173.0,1642
1774563300000,2.51,2.511,2.466,2.498,87467.0,39882.0,47585.0,2358
1774564200000,2.499,2.521,2.495,2.509,51593.0,29387.0,22206.0,1628
1774565100000,2.51,2.537,2.501,2.529,74195.0,37817.0,36378.0,1985
1774566000000,2.53,2.538,2.524,2.529,33954.0,15374.0,18580.0,1066
1774566900000,2.529,2.53,2.506,2.526,55032.0,31881.0,23151.0,1453
1774567800000,2.526,2.534,2.507,2.519,63966.0,26824.0,37142.0,1546
1774568700000,2.518,2.523,2.507,2.509,19850.0,5842.0,14008.0,774
1774569600000,2.509,2.525,2.493,2.514,53278.0,26499.0,26779.0,1792
1774570500000,2.515,2.525,2.508,2.522,15754.0,9422.0,6332.0,797
1774571400000,2.523,2.536,2.503,2.536,28797.0,17767.0,11030.0,1276
1774572300000,2.534,2.572,2.532,2.571,74294.0,49462.0,24832.0,2272
1774573200000,2.571,2.578,2.55,2.571,72818.0,35628.0,37190.0,2418
1774574100000,2.571,2.702,2.564,2.637,519142.0,317231.0,201911.0,12447
1774575000000,2.637,2.809,2.633,2.78,536713.0,302895.0,233818.0,15539
1774575900000,2.78,2.784,2.729,2.767,305602.0,149928.0,155674.0,9258
1774576800000,2.766,2.837,2.652,2.721,562011.0,268605.0,293406.0,15457
1774577700000,2.718,2.746,2.7,2.727,178025.0,101092.0,76933.0,6470
1774578600000,2.725,2.727,2.631,2.683,256427.0,121139.0,135288.0,9004
1774579500000,2.683,2.705,2.645,2.65,140294.0,68713.0,71581.0,4716
1774580400000,2.65,2.7,2.556,2.616,383064.0,177982.0,205082.0,11694
1774581300000,2.614,2.653,2.599,2.646,122473.0,63066.0,59407.0,4178
1774582200000,2.646,2.666,2.611,2.638,135879.0,68397.0,67482.0,4157
1774583100000,2.638,2.639,2.608,2.623,65279.0,30123.0,35156.0,2472
1774584000000,2.623,2.664,2.573,2.643,151885.0,73499.0,78386.0,5125
1774584900000,2.643,2.658,2.567,2.595,122707.0,55317.0,67390.0,4492
1774585800000,2.596,2.611,2.52,2.532,203893.0,85447.0,118446.0,5921
1774586700000,2.532,2.552,2.504,2.55,168502.0,63376.0,105126.0,3619
1774587600000,2.551,2.558,2.46,2.555,340700.0,156486.0,184214.0,9918
1774588500000,2.558,2.644,2.558,2.619,184019.0,111219.0,72800.0,6515
1774589400000,2.621,2.633,2.569,2.577,146198.0,68029.0,78169.0,5209
1774590300000,2.574,2.575,2.518,2.54,140350.0,64820.0,75530.0,4805
1774591200000,2.54,2.593,2.518,2.521,125642.0,60751.0,64891.0,4771
1774592100000,2.523,2.527,2.466,2.478,153014.0,62616.0,90398.0,5308
1774593000000,2.48,2.558,2.47,2.555,101692.0,62948.0,38744.0,3937
1774593900000,2.555,2.583,2.538,2.551,81081.0,32349.0,48732.0,3038
1774594800000,2.551,2.595,2.544,2.572,86572.0,46724.0,39848.0,3487
1774595700000,2.572,2.572,2.538,2.552,72480.0,31339.0,41141.0,2697
1774596600000,2.553,2.573,2.539,2.554,60537.0,27254.0,33283.0,2208
1774597500000,2.553,2.584,2.53,2.561,79716.0,39633.0,40083.0,3006
1774598400000,2.561,2.586,2.555,2.575,55135.0,29691.0,25444.0,2191
1774599300000,2.576,2.583,2.544,2.546,58075.0,24332.0,33743.0,2242
1774600200000,2.545,2.609,2.531,2.55,124098.0,60858.0,63240.0,4286
1774601100000,2.548,2.556,2.525,2.542,58645.0,26162.0,32483.0,2546
1774602000000,2.543,2.599,2.539,2.591,97683.0,67316.0,30367.0,3381
1774602900000,2.591,2.643,2.578,2.612,92032.0,53469.0,38563.0,3515
1774603800000,2.613,2.629,2.593,2.619,99741.0,45878.0,53863.0,3747
1774604700000,2.62,2.659,2.615,2.651,164858.0,89770.0,75088.0,5791
1774605600000,2.651,2.681,2.641,2.674,145984.0,82212.0,63772.0,5604
1774606500000,2.675,2.697,2.667,2.681,92269.0,53562.0,38707.0,3474
1774607400000,2.683,2.716,2.66,2.663,166114.0,72539.0,93575.0,5648
1774608300000,2.666,2.676,2.624,2.66,112162.0,55945.0,56217.0,4301
1774609200000,2.662,2.702,2.642,2.698,81919.0,41605.0,40314.0,2930
1774610100000,2.696,2.709,2.653,2.66,81781.0,33097.0,48684.0,3033
1774611000000,2.66,2.71,2.653,2.701,75564.0,46142.0,29422.0,2566
1774611900000,2.699,2.726,2.667,2.711,122725.0,73296.0,49429.0,3345
1774612800000,2.71,2.722,2.679,2.697,83424.0,39169.0,44255.0,3197
1774613700000,2.696,2.706,2.684,2.695,61469.0,31552.0,29917.0,2310
1774614600000,2.696,2.713,2.69,2.698,58542.0,33406.0,25136.0,2297
1774615500000,2.698,2.738,2.693,2.729,76507.0,43603.0,32904.0,2726
1774616400000,2.727,2.76,2.618,2.634,416612.0,175028.0,241584.0,11058
1774617300000,2.633,2.708,2.571,2.685,365547.0,194740.0,170807.0,11408
1774618200000,2.685,2.712,2.664,2.687,140834.0,66597.0,74237.0,5001
1774619100000,2.686,2.845,2.674,2.767,377439.0,233564.0,143875.0,10441
1774620000000,2.766,2.789,2.715,2.747,183590.0,77499.0,106091.0,7737
1774620900000,2.745,2.779,2.73,2.765,89903.0,51646.0,38257.0,3994
1774621800000,2.764,2.782,2.738,2.747,95494.0,44289.0,51205.0,3991
1774622700000,2.746,2.748,2.691,2.696,76262.0,38062.0,38200.0,3393
1774623600000,2.695,2.713,2.684,2.707,64005.0,37695.0,26310.0,2882
1774624500000,2.707,2.733,2.701,2.733,32912.0,19004.0,13908.0,1696
1774625400000,2.734,2.749,2.714,2.739,51794.0,26423.0,25371.0,2374
1774626300000,2.739,2.776,2.739,2.752,74550.0,39633.0,34917.0,3312
1774627200000,2.751,2.771,2.741,2.746,62126.0,27012.0,35114.0,2566
1774628100000,2.746,2.751,2.726,2.729,30398.0,14064.0,16334.0,1859
1774629000000,2.731,2.77,2.719,2.757,66504.0,34469.0,32035.0,2944
1774629900000,2.757,2.767,2.739,2.767,40859.0,26066.0,14793.0,1848
1774630800000,2.766,2.799,2.762,2.78,64496.0,35150.0,29346.0,3318
1774631700000,2.781,2.83,2.779,2.825,109040.0,62821.0,46219.0,3929
1774632600000,2.827,2.854,2.8,2.811,100194.0,50744.0,49450.0,3792
1774633500000,2.813,2.847,2.807,2.82,47780.0,25691.0,22089.0,2097
1774634400000,2.821,2.829,2.801,2.817,41950.0,18964.0,22986.0,2285
1774635300000,2.818,2.827,2.797,2.811,39890.0,21019.0,18871.0,1803
1774636200000,2.812,2.84,2.808,2.821,45187.0,25094.0,20093.0,1788
1774637100000,2.822,2.848,2.82,2.839,35179.0,23264.0,11915.0,1469
1774638000000,2.84,2.896,2.83,2.876,103633.0,68216.0,35417.0,4168
1774638900000,2.876,2.887,2.841,2.845,59781.0,24009.0,35772.0,2543
1774639800000,2.844,2.862,2.83,2.843,39440.0,23227.0,16213.0,1684
1774640700000,2.844,2.851,2.823,2.844,41866.0,17543.0,24323.0,1790
1774641600000,2.845,2.859,2.831,2.846,43720.0,21955.0,21765.0,1930
1774642500000,2.847,2.848,2.818,2.832,35714.0,16473.0,19241.0,1524
1774643400000,2.834,2.838,2.804,2.835,42955.0,23783.0,19172.0,1980
1774644300000,2.836,2.842,2.826,2.837,33048.0,15284.0,17764.0,1368
1774645200000,2.838,2.85,2.836,2.844,24200.0,12804.0,11396.0,1197
1774646100000,2.844,2.854,2.803,2.814,33882.0,13415.0,20467.0,1565
1774647000000,2.814,2.819,2.772,2.792,72298.0,26326.0,45972.0,3373
1774647900000,2.794,2.821,2.778,2.816,37719.0,27102.0,10617.0,2079
1774648800000,2.816,2.817,2.785,2.801,29953.0,16345.0,13608.0,1963
1774649700000,2.8,2.838,2.8,2.817,27599.0,18018.0,9581.0,1694
1774650600000,2.817,2.831,2.808,2.813,25244.0,12164.0,13080.0,1288
1774651500000,2.813,2.829,2.808,2.817,21318.0,11240.0,10078.0,1100
1774652400000,2.818,2.825,2.798,2.799,32090.0,9004.0,23086.0,1491
1774653300000,2.799,2.826,2.797,2.82,27556.0,15688.0,11868.0,1315
1774654200000,2.82,2.863,2.817,2.849,44004.0,27315.0,16689.0,1968
1774655100000,2.848,2.854,2.826,2.838,16376.0,7793.0,8583.0,867
1774656000000,2.838,2.871,2.838,2.855,47306.0,25461.0,21845.0,2245
1774656900000,2.855,2.864,2.826,2.835,53843.0,26868.0,26975.0,1961
1774657800000,2.834,2.853,2.817,2.843,31571.0,17802.0,13769.0,1636
1774658700000,2.844,2.848,2.824,2.839,24572.0,14370.0,10202.0,1149
1774659600000,2.84,2.875,2.84,2.86,35695.0,19301.0,16394.0,1717
1774660500000,2.86,2.868,2.827,2.841,36148.0,12844.0,23304.0,1737
1774661400000,2.841,2.843,2.811,2.828,36236.0,13620.0,22616.0,1817
1774662300000,2.828,2.852,2.823,2.83,20931.0,9938.0,10993.0,1106
1774663200000,2.829,2.847,2.829,2.841,22433.0,11804.0,10629.0,1121
1774664100000,2.841,2.871,2.835,2.867,35389.0,18936.0,16453.0,1371
1774665000000,2.867,2.9,2.795,2.811,202259.0,84556.0,117703.0,7038
1774665900000,2.812,2.841,2.812,2.822,37625.0,17455.0,20170.0,1696
1774666800000,2.823,2.824,2.776,2.779,82187.0,35617.0,46570.0,3498
1774667700000,2.779,2.799,2.762,2.795,72112.0,35490.0,36622.0,2693
1774668600000,2.796,2.805,2.772,2.777,60421.0,21800.0,38621.0,2183
1774669500000,2.778,2.798,2.778,2.783,38180.0,15767.0,22413.0,1488
1774670400000,2.783,2.8,2.781,2.788,34865.0,15791.0,19074.0,1614
1774671300000,2.789,2.835,2.789,2.832,48213.0,28292.0,19921.0,2504
1774672200000,2.832,2.873,2.83,2.855,72683.0,39209.0,33474.0,3658
1774673100000,2.855,2.896,2.831,2.879,118206.0,63881.0,54325.0,4799
1774674000000,2.878,2.879,2.835,2.848,85707.0,38532.0,47175.0,4331
1774674900000,2.847,2.942,2.833,2.92,212026.0,137241.0,74785.0,8026
1774675800000,2.92,2.922,2.88,2.885,88741.0,42669.0,46072.0,4548
1774676700000,2.884,2.925,2.857,2.872,107139.0,49982.0,57157.0,5185
1774677600000,2.874,2.876,2.826,2.827,76546.0,34958.0,41588.0,4116
1774678500000,2.827,2.834,2.766,2.811,166535.0,62453.0,104082.0,6180
1774679400000,2.81,2.84,2.803,2.819,58776.0,31265.0,27511.0,2927
1774680300000,2.82,2.859,2.82,2.844,41650.0,20676.0,20974.0,2242
1774681200000,2.844,2.854,2.778,2.781,62693.0,23727.0,38966.0,3411
1774682100000,2.779,2.795,2.77,2.779,76587.0,37617.0,38970.0,3327
1774683000000,2.779,2.816,2.776,2.809,68802.0,35264.0,33538.0,3068
1774683900000,2.81,2.823,2.803,2.812,45841.0,21466.0,24375.0,2205
1774684800000,2.812,2.845,2.802,2.832,74531.0,37477.0,37054.0,3391
1774685700000,2.832,2.84,2.782,2.82,72447.0,34753.0,37694.0,3511
1774686600000,2.82,2.829,2.792,2.794,33066.0,14003.0,19063.0,1810
1774687500000,2.795,2.812,2.787,2.797,50754.0,24012.0,26742.0,2345
1774688400000,2.798,2.842,2.788,2.839,54575.0,31579.0,22996.0,2569
1774689300000,2.838,2.854,2.833,2.847,56307.0,29170.0,27137.0,2411
1774690200000,2.847,2.888,2.834,2.873,89373.0,51245.0,38128.0,3668
1774691100000,2.874,2.897,2.79,2.841,174305.0,77744.0,96561.0,6271
1774692000000,2.841,2.889,2.841,2.884,81748.0,46307.0,35441.0,3548
1774692900000,2.884,2.894,2.86,2.878,85627.0,48699.0,36928.0,3380
1774693800000,2.878,2.91,2.874,2.895,60510.0,40576.0,19934.0,2438
1774694700000,2.896,2.904,2.858,2.86,51341.0,22074.0,29267.0,2366
1774695600000,2.86,2.895,2.853,2.885,77775.0,43621.0,34154.0,3695
1774696500000,2.883,2.885,2.867,2.879,27162.0,12517.0,14645.0,1531
1774697400000,2.88,2.883,2.86,2.874,22430.0,10338.0,12092.0,984
1774698300000,2.873,2.882,2.862,2.875,26004.0,13039.0,12965.0,1254
1774699200000,2.874,2.893,2.87,2.881,43151.0,20683.0,22468.0,1900
1774700100000,2.881,2.908,2.879,2.896,47487.0,22623.0,24864.0,1838
1774701000000,2.896,2.918,2.882,2.913,39837.0,22528.0,17309.0,1707
1774701900000,2.912,2.915,2.882,2.899,73272.0,38418.0,34854.0,2642
1774702800000,2.899,2.932,2.895,2.924,73732.0,41292.0,32440.0,2972
1774703700000,2.924,2.928,2.905,2.914,42144.0,18483.0,23661.0,1786
1774704600000,2.913,2.915,2.772,2.825,280395.0,112908.0,167487.0,7968
1774705500000,2.825,2.851,2.824,2.833,37351.0,21322.0,16029.0,1755
1774706400000,2.834,2.849,2.809,2.846,52940.0,32228.0,20712.0,2395
1774707300000,2.847,2.874,2.84,2.868,52409.0,33821.0,18588.0,2048
1774708200000,2.869,2.884,2.86,2.872,55146.0,31398.0,23748.0,2352
1774709100000,2.872,2.876,2.848,2.851,37178.0,16178.0,21000.0,1753
1774710000000,2.853,2.865,2.845,2.849,22700.0,13808.0,8892.0,1177
1774710900000,2.848,2.864,2.833,2.861,34392.0,18440.0,15952.0,1654
1774711800000,2.863,2.869,2.856,2.867,28930.0,16575.0,12355.0,1287
1774712700000,2.867,2.915,2.866,2.898,75756.0,42506.0,33250.0,3241
1774713600000,2.9,2.923,2.88,2.919,58488.0,34454.0,24034.0,2396
1774714500000,2.918,2.929,2.887,2.925,75594.0,47593.0,28001.0,2661
1774715400000,2.924,2.941,2.911,2.913,75609.0,44964.0,30645.0,2394
1774716300000,2.913,2.915,2.881,2.885,89216.0,26009.0,63207.0,1725
1774717200000,2.886,2.901,2.875,2.886,47449.0,28821.0,18628.0,1954
1774718100000,2.884,2.895,2.879,2.885,22513.0,9913.0,12600.0,948
1774719000000,2.885,2.893,2.873,2.873,32009.0,15828.0,16181.0,1187
1774719900000,2.874,2.877,2.857,2.867,35461.0,10623.0,24838.0,1283
1774720800000,2.867,2.869,2.838,2.843,31974.0,11594.0,20380.0,1281
1774721700000,2.84,2.849,2.825,2.826,35699.0,16144.0,19555.0,1415
1774722600000,2.829,2.834,2.814,2.814,29296.0,13410.0,15886.0,1134
1774723500000,2.816,2.849,2.809,2.818,52787.0,30878.0,21909.0,1913
1774724400000,2.819,2.832,2.817,2.823,27590.0,14677.0,12913.0,1197
1774725300000,2.823,2.833,2.8,2.802,43792.0,17037.0,26755.0,1270
1774726200000,2.804,2.815,2.791,2.791,36895.0,13138.0,23757.0,1164
1774727100000,2.793,2.808,2.789,2.789,20312.0,7962.0,12350.0,903
1774728000000,2.791,2.804,2.771,2.78,45807.0,17621.0,28186.0,1486
1774728900000,2.78,2.867,2.769,2.833,108611.0,67480.0,41131.0,3593
1774729800000,2.833,2.835,2.808,2.81,27951.0,12912.0,15039.0,1410
1774730700000,2.81,2.813,2.733,2.734,68510.0,14065.0,54445.0,2104
1774731600000,2.734,2.757,2.727,2.729,42039.0,19742.0,22297.0,2025
1774732500000,2.73,2.772,2.721,2.768,39927.0,24424.0,15503.0,1974
1774733400000,2.769,2.786,2.73,2.759,54974.0,23911.0,31063.0,2064
1774734300000,2.761,2.769,2.735,2.756,21921.0,8906.0,13015.0,1242
1774735200000,2.756,2.779,2.717,2.722,28330.0,9831.0,18499.0,1587
1774736100000,2.724,2.746,2.711,2.74,35076.0,20753.0,14323.0,1556
1774737000000,2.741,2.756,2.705,2.708,39808.0,11735.0,28073.0,1514
1774737900000,2.708,2.708,2.653,2.661,69864.0,18805.0,51059.0,2279
1774738800000,2.664,2.705,2.66,2.698,50281.0,29029.0,21252.0,2205
1774739700000,2.697,2.704,2.654,2.688,52077.0,23244.0,28833.0,1823
1774740600000,2.69,2.716,2.684,2.716,29086.0,16831.0,12255.0,1310
1774741500000,2.716,2.755,2.714,2.742,49840.0,32333.0,17507.0,1896
1774742400000,2.743,2.846,2.737,2.82,115175.0,70986.0,44189.0,4101
1774743300000,2.822,2.859,2.738,2.76,98343.0,48908.0,49435.0,3836
1774744200000,2.761,2.799,2.75,2.799,46753.0,25854.0,20899.0,2327
1774745100000,2.797,2.802,2.772,2.783,41752.0,21343.0,20409.0,1651
1774746000000,2.784,2.789,2.66,2.737,117555.0,45228.0,72327.0,3724
1774746900000,2.737,2.751,2.71,2.716,31367.0,13849.0,17518.0,1311
1774747800000,2.714,2.729,2.678,2.691,28641.0,12139.0,16502.0,1422
1774748700000,2.689,2.737,2.689,2.718,41506.0,25816.0,15690.0,1846
1774749600000,2.719,2.739,2.717,2.719,26500.0,10714.0,15786.0,1411
1774750500000,2.72,2.731,2.703,2.709,32411.0,17444.0,14967.0,1388
1774751400000,2.709,2.745,2.699,2.737,30648.0,20395.0,10253.0,1437
1774752300000,2.738,2.775,2.737,2.766,21834.0,12709.0,9125.0,1240
1774753200000,2.765,2.784,2.751,2.782,48542.0,33990.0,14552.0,1794
1774754100000,2.782,2.812,2.771,2.81,42100.0,29468.0,12632.0,1734
1774755000000,2.811,2.822,2.796,2.82,30045.0,18470.0,11575.0,1450
1774755900000,2.82,2.844,2.811,2.837,39598.0,23198.0,16400.0,1784
1774756800000,2.838,2.85,2.804,2.819,43045.0,24979.0,18066.0,2003
1774757700000,2.82,2.829,2.814,2.824,20081.0,11813.0,8268.0,953
1774758600000,2.824,2.833,2.813,2.825,22301.0,11524.0,10777.0,1086
1774759500000,2.825,2.84,2.82,2.84,21609.0,13970.0,7639.0,982
1774760400000,2.839,2.849,2.822,2.84,46123.0,29509.0,16614.0,1493
1774761300000,2.84,2.842,2.822,2.831,21276.0,10514.0,10762.0,967
1774762200000,2.833,2.846,2.826,2.834,23763.0,14280.0,9483.0,927
1774763100000,2.834,2.837,2.806,2.822,23925.0,12585.0,11340.0,1223
1774764000000,2.822,2.844,2.818,2.829,26401.0,16697.0,9704.0,1046
1774764900000,2.829,2.849,2.823,2.845,16762.0,10411.0,6351.0,890
1774765800000,2.846,2.876,2.841,2.855,45518.0,29446.0,16072.0,1830
1774766700000,2.856,2.866,2.841,2.848,20665.0,9805.0,10860.0,1125
1774767600000,2.848,2.888,2.843,2.882,35525.0,26496.0,9029.0,1333
1774768500000,2.882,2.883,2.838,2.859,59153.0,25383.0,33770.0,2492
1774769400000,2.86,2.871,2.854,2.869,24041.0,14346.0,9695.0,1042
1774770300000,2.87,2.88,2.865,2.88,38692.0,24176.0,14516.0,1758
1774771200000,2.877,2.899,2.872,2.878,84355.0,53472.0,30883.0,2622
1774772100000,2.878,2.89,2.871,2.885,9893.0,7951.0,1942.0,490
